-0.00314143,420.004,445.003,179.805,-1.65579,-92.8412
-0.00667987,420.007,445.005,179.805,-1.65579,-92.8412
-0.00897828,420.014,445.009,179.808,-1.66609,-92.8486
-0.0145605,420.021,445.011,179.818,-1.67048,-92.8517
-0.0192493,420.025,445.008,179.827,-1.69509,-92.8571
-0.0229849,420.028,445.008,179.825,-1.69792,-92.8615
-0.0267205,420.03,445.008,179.825,-1.69792,-92.8615
-0.0300826,420.033,445.008,179.825,-1.69913,-92.8633
-0.029755,420.032,445.009,179.824,-1.6922,-92.8665
-0.0295226,420.031,445.007,179.815,-1.68498,-92.8678
-0.0309728,420.033,445.004,179.808,-1.68163,-92.8701
-0.032423,420.034,445.001,179.808,-1.68163,-92.8701
-0.0336674,420.038,444.993,179.81,-1.68702,-92.872
-0.0333363,420.04,444.98,179.811,-1.68932,-92.8728
-0.0346442,420.044,444.97,179.813,-1.69325,-92.8742
-0.0359521,420.047,444.961,179.813,-1.69325,-92.8742
-0.0368306,420.053,444.954,179.813,-1.69492,-92.8748
-0.0370296,420.059,444.952,179.815,-1.69779,-92.8758
-0.0339895,420.064,444.949,179.816,-1.70011,-92.8766
-0.0347673,420.069,444.943,179.816,-1.7011,-92.8769
-0.035545,420.074,444.937,179.816,-1.7011,-92.8769
-0.0344816,420.08,444.926,179.817,-1.70279,-92.8775
-0.0305601,420.083,444.907,179.817,-1.70351,-92.8777
-0.0282228,420.085,444.868,179.801,-1.68764,-92.8782
-0.0258856,420.087,444.829,179.801,-1.68764,-92.8782
-0.0218666,420.086,444.77,179.787,-1.67479,-92.8785
-0.0206122,420.082,444.706,179.781,-1.66931,-92.8787
-0.0212852,420.081,444.651,179.772,-1.65994,-92.8789
-0.0219541,420.08,444.599,179.768,-1.65595,-92.879
-0.022623,420.079,444.547,179.768,-1.65595,-92.879
-0.0244714,420.082,444.507,179.76,-1.64912,-92.8792
-0.0286006,420.089,444.481,179.755,-1.66069,-92.8704
-0.0370448,420.1,444.461,179.752,-1.66562,-92.8623
-0.0535457,420.11,444.443,179.748,-1.67405,-92.8486
-0.0700466,420.12,444.426,179.748,-1.67405,-92.8486
-0.0848974,420.129,444.41,179.746,-1.67764,-92.8427
-0.096476,420.138,444.407,179.743,-1.66669,-92.8237
-0.106834,420.145,444.406,179.742,-1.66202,-92.8113
-0.117191,420.153,444.405,179.742,-1.66202,-92.8113
-0.127158,420.161,444.405,179.74,-1.65404,-92.7902
-0.144024,420.177,444.415,179.738,-1.64757,-92.773
-0.172122,420.201,444.429,179.737,-1.64481,-92.7567
-0.214635,420.235,444.453,179.736,-1.623,-92.7289
-0.257148,420.269,444.478,179.736,-1.623,-92.7289
-0.322879,420.311,444.517,179.735,-1.60533,-92.7063
-0.39954,420.361,444.568,179.743,-1.5978,-92.6967
-0.501881,420.439,444.648,179.758,-1.58492,-92.6802
-0.604222,420.517,444.727,179.758,-1.58492,-92.6802
-0.721581,420.609,444.818,179.764,-1.57042,-92.6732
-0.866563,420.727,444.924,179.766,-1.54564,-92.6612
-1.0326,420.864,445.031,179.759,-1.50847,-92.6514
-1.20303,421.002,445.136,179.756,-1.49262,-92.6473
-1.37346,421.141,445.241,179.756,-1.49262,-92.6473
-1.53916,421.287,445.357,179.734,-1.43943,-92.6231
-1.70368,421.433,445.485,179.716,-1.40348,-92.6038
-1.86976,421.578,445.633,179.641,-1.29882,-92.5447
-2.03584,421.724,445.782,179.641,-1.29882,-92.5447
-2.18749,421.855,445.938,179.52,-1.16275,-92.4455
-2.32705,421.971,446.097,179.442,-1.08247,-92.3899
-2.44131,422.062,446.252,179.256,-0.902001,-92.2428
-2.54534,422.143,446.411,179.151,-0.793801,-92.1535
-2.64937,422.224,446.57,179.151,-0.793801,-92.1535
-2.73433,422.285,446.74,178.892,-0.547579,-91.9396
-2.80598,422.337,446.942,178.544,-0.228439,-91.6548
-2.87785,422.388,447.156,178.339,-0.052595,-91.4893
-2.96613,422.45,447.382,177.901,0.300298,-91.1541
-3.0544,422.512,447.609,177.901,0.300298,-91.1541
-3.15607,422.585,447.837,177.697,0.477268,-91.0027
-3.27318,422.675,448.042,177.331,0.832087,-90.7177
-3.3798,422.76,448.212,177.025,1.16179,-90.4697
-3.48641,422.846,448.381,177.025,1.16179,-90.4697
-3.58532,422.928,448.538,176.882,1.31561,-90.3508
-3.68716,423.011,448.673,176.584,1.63985,-90.1293
-3.7885,423.094,448.799,176.422,1.81786,-90.0084
-3.90804,423.187,448.928,176.075,2.22667,-89.7665
-4.02757,423.28,449.057,176.075,2.22667,-89.7665
-4.18275,423.371,449.194,175.734,2.7027,-89.5283
-4.36455,423.448,449.336,175.567,2.94543,-89.4224
-4.5991,423.47,449.49,175.272,3.4388,-89.2415
-4.83365,423.492,449.645,175.272,3.4388,-89.2415
-5.08466,423.488,449.814,175.132,3.69792,-89.1643
-5.36396,423.427,450.031,174.85,4.21931,-89.0234
-5.69949,423.3,450.322,174.51,4.76134,-88.8661
-6.07981,423.131,450.642,174.303,5.03221,-88.7725
-6.46013,422.961,450.963,174.303,5.03221,-88.7725
-6.92004,422.723,451.342,173.784,5.57369,-88.5251
-7.43346,422.45,451.742,173.46,5.84432,-88.3666
-8.06104,422.097,452.176,172.69,6.3764,-88.0172
-8.68863,421.743,452.609,172.69,6.3764,-88.0172
-9.39041,421.327,453.054,171.81,6.89288,-87.6146
-10.1165,420.884,453.501,171.351,7.1306,-87.4121
-10.8833,420.388,453.935,170.444,7.58028,-87.0308
-11.663,419.866,454.352,170.005,7.77625,-86.8507
-12.4428,419.344,454.769,170.005,7.77625,-86.8507
-13.2562,418.752,455.149,169.132,8.11947,-86.5077
-14.1062,418.075,455.497,168.236,8.36327,-86.1704
-14.9793,417.35,455.846,167.765,8.43594,-86.0134
-15.9093,416.542,456.201,166.795,8.49901,-85.7358
-16.8393,415.735,456.557,166.795,8.49901,-85.7358
-17.7819,414.91,456.925,166.297,8.49511,-85.5953
-18.7386,414.057,457.336,165.29,8.42724,-85.3027
-19.7152,413.162,457.802,164.312,8.26966,-85.0234
-20.6919,412.268,458.268,164.312,8.26966,-85.0234
-21.679,411.344,458.753,163.838,8.1537,-84.882
-22.6549,410.371,459.318,162.897,7.86,-84.6142
-23.6151,409.372,459.89,162.438,7.677,-84.4958
-24.549,408.292,460.473,161.566,7.22457,-84.2933
-25.4829,407.213,461.056,161.566,7.22457,-84.2933
-26.3582,406.046,461.664,160.759,6.6619,-84.1464
-27.1836,404.852,462.299,160.379,6.34671,-84.0837
-27.8986,403.603,462.972,159.66,5.66913,-83.9595
-28.6136,402.353,463.645,159.66,5.66913,-83.9595
-29.2749,401.08,464.343,159.327,5.32722,-83.9066
-29.8114,399.754,465.083,158.731,4.60305,-83.816
-30.2354,398.387,465.87,158.215,3.81937,-83.7598
-30.6013,396.995,466.665,157.972,3.40143,-83.7448
-30.9672,395.602,467.46,157.972,3.40143,-83.7448
-31.2156,394.195,468.299,157.532,2.54726,-83.7192
-31.3978,392.784,469.149,157.339,2.11253,-83.7173
-31.4607,391.373,470.003,157.046,1.23865,-83.7401
-31.5236,389.962,470.857,157.046,1.23865,-83.7401
-31.4563,388.594,471.693,156.877,0.376909,-83.7928
-31.3223,387.237,472.499,156.822,-0.0657821,-83.8375
-31.0991,385.907,473.262,156.816,-0.945183,-83.9752
-30.8291,384.588,473.999,156.875,-1.39967,-84.0737
-30.5592,383.269,474.736,156.875,-1.39967,-84.0737
-30.1929,381.976,475.445,157.142,-2.36853,-84.3375
-29.7228,380.727,476.12,157.65,-3.45301,-84.7149
-29.202,379.503,476.772,157.995,-4.03471,-84.9374
-28.5957,378.346,477.373,158.854,-5.21121,-85.3962
-27.9894,377.189,477.975,158.854,-5.21121,-85.3962
-27.3519,376.073,478.545,159.331,-5.77909,-85.6406
-26.669,375.038,479.04,160.32,-6.88066,-86.1278
-25.9716,374.08,479.463,161.335,-7.93494,-86.6079
-25.2742,373.123,479.886,161.335,-7.93494,-86.6079
-24.5748,372.206,480.283,161.851,-8.44644,-86.8391
-23.8812,371.36,480.623,162.943,-9.43452,-87.3128
-23.1938,370.556,480.947,163.533,-9.93107,-87.5455
-22.5383,369.831,481.252,164.828,-10.9368,-88.0128
-21.8829,369.105,481.556,164.828,-10.9368,-88.0128
-21.3004,368.457,481.822,166.245,-12.0088,-88.5028
-20.7488,367.844,482.072,166.981,-12.5629,-88.7426
-20.2646,367.299,482.306,168.449,-13.7103,-89.1876
-19.7804,366.755,482.539,168.449,-13.7103,-89.1876
-19.328,366.249,482.757,169.154,-14.2742,-89.4038
-18.9393,365.819,482.932,170.499,-15.3169,-89.8258
-18.6082,365.472,483.091,171.82,-16.238,-90.236
-18.2955,365.166,483.255,172.476,-16.6662,-90.4374
-17.9827,364.861,483.418,172.476,-16.6662,-90.4374
-17.6878,364.625,483.605,173.781,-17.4857,-90.8169
-17.4015,364.418,483.809,174.42,-17.8792,-90.9962
-17.1344,364.258,484.033,175.697,-18.6392,-91.355
-16.8673,364.099,484.258,175.697,-18.6392,-91.355
-16.6114,363.978,484.482,176.98,-19.3485,-91.7231
-16.3536,363.879,484.712,177.624,-19.6816,-91.9018
-16.0761,363.806,484.951,178.89,-20.3035,-92.2424
-15.792,363.746,485.185,179.505,-20.5952,-92.4052
-15.5078,363.685,485.418,179.505,-20.5952,-92.4052
-15.1992,363.655,485.633,-179.295,-21.129,-92.7357
-14.8589,363.666,485.843,-178.074,-21.5947,-93.0889
-14.5055,363.694,486.052,-177.448,-21.7932,-93.266
-14.1164,363.763,486.266,-176.159,-22.1066,-93.6301
-13.7272,363.833,486.48,-176.159,-22.1066,-93.6301
-13.3246,363.917,486.695,-175.481,-22.2269,-93.8251
-12.8841,364.026,486.917,-174.087,-22.4327,-94.2278
-12.4022,364.165,487.151,-172.676,-22.5643,-94.6224
-11.9203,364.305,487.385,-172.676,-22.5643,-94.6224
-11.4182,364.462,487.627,-171.977,-22.6029,-94.8262
-10.8785,364.651,487.865,-170.635,-22.6166,-95.2268
-10.3228,364.853,488.098,-169.997,-22.587,-95.4151
-9.76458,365.074,488.343,-168.783,-22.4489,-95.7894
-9.20635,365.295,488.588,-168.783,-22.4489,-95.7894
-8.68253,365.523,488.837,-167.664,-22.2174,-96.1951
-8.17934,365.75,489.08,-167.142,-22.0657,-96.3946
-7.72155,365.971,489.31,-166.172,-21.6757,-96.7879
-7.26376,366.192,489.54,-166.172,-21.6757,-96.7879
-6.82502,366.41,489.763,-165.728,-21.4431,-96.9821
-6.4148,366.64,489.976,-164.881,-20.9149,-97.3925
-5.98067,366.907,490.199,-164.049,-20.272,-97.8275
-5.52438,367.202,490.431,-163.637,-19.8918,-98.0528
-5.06808,367.496,490.663,-163.637,-19.8918,-98.0528
-4.57821,367.83,490.905,-162.838,-19.0068,-98.5424
-4.08171,368.165,491.164,-162.466,-18.5371,-98.7951
-3.58392,368.481,491.433,-161.795,-17.5773,-99.2966
-3.08612,368.797,491.701,-161.795,-17.5773,-99.2966
-2.63535,369.077,491.94,-161.174,-16.5425,-99.7542
-2.21175,369.34,492.161,-160.87,-16.0223,-99.9848
-1.83808,369.563,492.355,-160.263,-15.0634,-100.44
-1.49967,369.767,492.533,-159.987,-14.628,-100.674
-1.16127,369.97,492.712,-159.987,-14.628,-100.674
-0.892661,370.139,492.856,-159.488,-13.8224,-101.127
-0.67208,370.276,492.968,-159.067,-13.0843,-101.552
-0.47129,370.405,493.063,-158.874,-12.7389,-101.756
-0.300144,370.532,493.15,-158.493,-12.0699,-102.148
-0.128998,370.659,493.237,-158.493,-12.0699,-102.148
0.0399083,370.785,493.319,-158.303,-11.7449,-102.328
0.237949,370.933,493.415,-157.98,-11.0587,-102.662
0.488467,371.14,493.538,-157.683,-10.2877,-102.993
0.738984,371.346,493.662,-157.683,-10.2877,-102.993
1.03168,371.593,493.805,-157.52,-9.85296,-103.161
1.42047,371.926,494.012,-157.147,-8.8746,-103.5
1.84251,372.279,494.249,-156.949,-8.32914,-103.662
2.30739,372.641,494.526,-156.592,-7.0922,-103.913
2.77227,373.004,494.803,-156.592,-7.0922,-103.913
3.19442,373.333,495.065,-156.39,-5.70508,-104.065
3.57424,373.637,495.307,-156.357,-4.98158,-104.116
3.84786,373.878,495.484,-156.422,-3.59678,-104.195
4.12147,374.118,495.66,-156.422,-3.59678,-104.195
4.34945,374.325,495.806,-156.503,-2.9311,-104.207
4.50652,374.497,495.865,-156.762,-1.54889,-104.157
4.63251,374.667,495.857,-157.11,-0.0522012,-104.004
4.74399,374.834,495.826,-157.302,0.763019,-103.882
4.85546,375.001,495.795,-157.302,0.763019,-103.882
4.94626,375.148,495.714,-157.743,2.46125,-103.525
5.02763,375.286,495.606,-157.998,3.33112,-103.306
5.06966,375.402,495.449,-158.503,5.05261,-102.811
5.11169,375.518,495.292,-158.503,5.05261,-102.811
5.08795,375.602,495.072,-158.963,6.60721,-102.352
5.02521,375.664,494.817,-159.177,7.26949,-102.152
4.88774,375.658,494.469,-159.551,8.35789,-101.791
4.68206,375.575,494.055,-159.724,8.7551,-101.575
4.47638,375.493,493.64,-159.724,8.7551,-101.575
4.1339,375.166,493.013,-160.116,9.19853,-101.058
3.59892,374.609,492.079,-160.658,9.20761,-100.415
3.0066,373.948,490.968,-161.044,9.06085,-99.9495
2.41428,373.287,489.857,-161.044,9.06085,-99.9495
1.80768,372.512,488.625,-162.315,8.51559,-98.7026
1.21743,371.727,487.451,-163.265,8.22203,-98.0033
0.726236,371.044,486.439,-165.653,7.85144,-96.3972
0.356567,370.505,485.569,-168.414,7.85187,-94.4131
-0.0131019,369.965,484.7,-168.414,7.85187,-94.4131
-0.343982,369.483,483.908,-169.842,7.97568,-93.3598
-0.589049,369.068,483.253,-172.642,8.4574,-91.1761
-0.78473,368.668,482.651,-174.007,8.77266,-90.0865
-0.897126,368.274,482.15,-176.647,9.40716,-88.0316
-1.00952,367.88,481.649,-176.647,9.40716,-88.0316
-1.04285,367.503,481.232,-179.136,9.9886,-86.1205
-1.05312,367.144,480.85,179.68,10.2497,-85.2394
-1.02739,366.831,480.525,177.455,10.7053,-83.5762
-1.00167,366.518,480.199,177.455,10.7053,-83.5762
-0.953405,366.232,479.896,176.413,10.9038,-82.7696
-0.874921,366.006,479.64,174.406,11.2692,-81.1995
-0.80209,365.828,479.428,172.49,11.5905,-79.7135
-0.735532,365.666,479.229,171.558,11.7364,-78.9871
-0.668974,365.504,479.03,171.558,11.7364,-78.9871
-0.596104,365.359,478.842,169.73,12.0292,-77.5624
-0.520067,365.217,478.67,168.831,12.1493,-76.8711
-0.4482,365.086,478.527,167.103,12.3546,-75.5757
-0.376333,364.954,478.385,167.103,12.3546,-75.5757
-0.30073,364.822,478.254,165.516,12.5209,-74.3905
-0.217017,364.687,478.127,164.804,12.5739,-73.8545
-0.120148,364.547,478.006,163.561,12.6211,-72.9207
-0.0197975,364.401,477.882,163.036,12.637,-72.5227
0.0805529,364.255,477.758,163.036,12.637,-72.5227
0.191108,364.106,477.641,162.164,12.6381,-71.851
0.313256,363.955,477.532,161.492,12.6137,-71.315
0.43651,363.809,477.43,161.228,12.6034,-71.0865
0.575195,363.679,477.344,160.802,12.5685,-70.6957
0.713881,363.549,477.257,160.802,12.5685,-70.6957
0.860524,363.426,477.177,160.634,12.5537,-70.5202
0.999888,363.313,477.106,160.372,12.5112,-70.2289
1.1334,363.201,477.037,160.195,12.4768,-70.0011
1.2669,363.088,476.969,160.195,12.4768,-70.0011
1.3995,362.981,476.902,160.141,12.4621,-69.913
1.52916,362.887,476.851,160.085,12.437,-69.7714
1.65908,362.8,476.804,160.078,12.4263,-69.7152
1.77644,362.726,476.771,160.084,12.399,-69.6192
1.89381,362.652,476.737,160.084,12.399,-69.6192
1.98533,362.586,476.713,160.106,12.3427,-69.5676
2.06725,362.525,476.692,160.125,12.3054,-69.5498
2.13623,362.474,476.676,160.173,12.1715,-69.5195
2.2052,362.423,476.661,160.173,12.1715,-69.5195
2.26774,362.372,476.644,160.194,12.0433,-69.5155
2.32274,362.308,476.612,160.238,11.6586,-69.5178
2.39539,362.228,476.579,160.317,11.0374,-69.5799
2.47604,362.147,476.552,160.378,10.6176,-69.6419
2.55669,362.066,476.524,160.378,10.6176,-69.6419
2.65202,361.974,476.484,160.585,9.62178,-69.8091
2.75446,361.883,476.44,160.727,9.0646,-69.9112
2.87174,361.802,476.381,161.038,7.89493,-70.1209
2.98901,361.721,476.322,161.038,7.89493,-70.1209
3.13534,361.663,476.258,161.306,6.72519,-70.342
3.28629,361.617,476.196,161.421,6.12467,-70.4628
3.42773,361.579,476.125,161.625,4.85479,-70.7477
3.55524,361.549,476.046,161.744,4.20731,-70.9089
3.68276,361.519,475.967,161.744,4.20731,-70.9089
3.78765,361.499,475.878,162.034,2.86522,-71.2719
3.87746,361.477,475.806,162.396,1.50633,-71.6767
3.96429,361.458,475.737,162.6,0.869694,-71.88
4.04356,361.441,475.658,162.991,-0.323348,-72.297
4.12283,361.423,475.579,162.991,-0.323348,-72.297
4.19596,361.41,475.502,163.17,-0.894013,-72.5013
4.24925,361.4,475.432,163.522,-1.94815,-72.9118
4.29924,361.388,475.381,163.91,-2.8785,-73.3299
4.34923,361.376,475.33,163.91,-2.8785,-73.3299
4.39764,361.36,475.279,164.115,-3.30165,-73.5389
4.44382,361.337,475.232,164.535,-4.07744,-73.9485
4.49174,361.31,475.187,164.74,-4.44369,-74.1497
4.54412,361.277,475.144,165.144,-5.10509,-74.5368
4.59651,361.244,475.102,165.144,-5.10509,-74.5368
4.65377,361.204,475.062,165.53,-5.66602,-74.8756
4.71124,361.16,475.018,165.708,-5.91842,-75.0291
4.76153,361.108,474.973,166.022,-6.37612,-75.3175
4.81182,361.056,474.927,166.022,-6.37612,-75.3175
4.85788,361.006,474.886,166.168,-6.57551,-75.4538
4.90067,360.964,474.855,166.472,-6.91646,-75.7129
4.9304,360.927,474.828,166.803,-7.19263,-75.9659
4.95673,360.892,474.802,166.98,-7.31037,-76.0913
4.98305,360.857,474.775,166.98,-7.31037,-76.0913
5.01311,360.822,474.751,167.351,-7.5117,-76.3319
5.04478,360.784,474.725,167.545,-7.59753,-76.4477
5.07355,360.739,474.698,167.938,-7.7272,-76.6979
5.10231,360.694,474.671,167.938,-7.7272,-76.6979
5.13161,360.65,474.65,168.367,-7.84123,-76.96
5.16466,360.606,474.634,168.595,-7.89411,-77.085
5.19485,360.564,474.626,169.053,-8.01063,-77.342
5.22328,360.525,474.619,169.283,-8.07357,-77.4738
5.25171,360.486,474.612,169.283,-8.07357,-77.4738
5.27363,360.457,474.605,169.739,-8.21629,-77.7343
5.29251,360.432,474.596,170.211,-8.37419,-77.9965
5.30661,360.411,474.584,170.452,-8.46377,-78.1349
5.31184,360.393,474.572,170.968,-8.66016,-78.4408
5.31707,360.375,474.56,170.968,-8.66016,-78.4408
5.326,360.357,474.549,171.25,-8.75714,-78.5977
5.34407,360.331,474.535,171.854,-8.92298,-78.9182
5.36576,360.303,474.519,172.428,-9.07442,-79.2373
5.38745,360.274,474.504,172.428,-9.07442,-79.2373
5.40697,360.249,474.49,172.699,-9.13898,-79.3865
5.42129,360.228,474.476,173.18,-9.23227,-79.6679
5.43121,360.21,474.463,173.394,-9.27204,-79.7921
5.44075,360.196,474.456,173.786,-9.32295,-80.0306
5.45029,360.181,474.448,173.786,-9.32295,-80.0306
5.45549,360.164,474.438,174.147,-9.33809,-80.2409
5.45169,360.145,474.425,174.309,-9.34028,-80.3348
5.43759,360.125,474.409,174.613,-9.33503,-80.5215
5.42349,360.104,474.392,174.613,-9.33503,-80.5215
5.4108,360.085,474.378,174.747,-9.32853,-80.6053
5.40165,360.069,474.365,174.975,-9.30031,-80.7487
5.38428,360.051,474.35,175.178,-9.26845,-80.882
5.36527,360.034,474.335,175.273,-9.2416,-80.9388
5.34625,360.016,474.32,175.273,-9.2416,-80.9388
5.32806,360.002,474.307,175.462,-9.1696,-81.053
5.31295,359.988,474.295,175.556,-9.12564,-81.1107
5.30074,359.978,474.284,175.751,-8.99827,-81.2184
5.28852,359.967,474.272,175.751,-8.99827,-81.2184
5.2774,359.96,474.261,175.952,-8.8267,-81.3227
5.26579,359.955,474.244,176.06,-8.72703,-81.3804
5.24685,359.951,474.205,176.27,-8.49539,-81.4881
5.22525,359.948,474.163,176.382,-8.35685,-81.5473
5.20365,359.945,474.12,176.382,-8.35685,-81.5473
5.17543,359.94,474.077,176.643,-8.05875,-81.6836
5.14656,359.935,474.04,176.94,-7.71469,-81.8453
5.12234,359.932,474.004,177.102,-7.51922,-81.9318
5.10565,359.932,473.964,177.431,-7.08057,-82.1148
5.08896,359.932,473.925,177.431,-7.08057,-82.1148
5.07415,359.935,473.874,177.598,-6.84051,-82.2103
5.05966,359.944,473.808,177.926,-6.35171,-82.4168
5.04696,359.957,473.735,178.253,-5.84419,-82.6354
5.03425,359.97,473.662,178.253,-5.84419,-82.6354
5.02222,359.989,473.582,178.419,-5.57477,-82.7509
5.01175,360.012,473.498,178.754,-5.00966,-82.9834
5.00073,360.034,473.416,178.924,-4.7157,-83.1091
4.99373,360.056,473.332,179.283,-4.10861,-83.3591
4.98674,360.079,473.248,179.283,-4.10861,-83.3591
4.98149,360.099,473.179,179.633,-3.47108,-83.6128
4.9768,360.118,473.115,179.805,-3.13297,-83.7386
4.97144,360.135,473.052,-179.858,-2.40721,-83.9886
4.96608,360.152,472.99,-179.858,-2.40721,-83.9886
4.95964,360.168,472.926,-179.692,-2.04049,-84.1128
4.95731,360.181,472.871,-179.374,-1.33509,-84.3682
4.95554,360.194,472.818,-179.099,-0.661125,-84.6094
4.95408,360.208,472.759,-178.982,-0.334013,-84.7254
4.95262,360.222,472.701,-178.982,-0.334013,-84.7254
4.94656,360.241,472.632,-178.791,0.31265,-84.9329
4.93745,360.265,472.561,-178.714,0.632385,-85.0346
4.92451,360.294,472.5,-178.582,1.27453,-85.2175
4.91157,360.324,472.439,-178.582,1.27453,-85.2175
4.88967,360.359,472.372,-178.476,1.92337,-85.4089
4.86332,360.397,472.305,-178.43,2.25303,-85.499
4.83385,360.44,472.241,-178.352,2.94726,-85.6792
4.80027,360.491,472.18,-178.319,3.30953,-85.7693
4.76669,360.541,472.119,-178.319,3.30953,-85.7693
4.72002,360.603,472.062,-178.245,4.09462,-85.9494
4.66645,360.672,472.016,-178.194,4.94384,-86.1124
4.60558,360.747,471.979,-178.177,5.37646,-86.1952
4.54609,360.825,471.936,-178.147,6.25573,-86.3457
4.48661,360.903,471.893,-178.147,6.25573,-86.3457
4.43027,360.977,471.84,-178.134,6.71016,-86.4141
4.37306,361.041,471.776,-178.13,7.61773,-86.5401
4.325,361.1,471.713,-178.126,8.52386,-86.6323
4.27693,361.16,471.651,-178.126,8.52386,-86.6323
4.2351,361.214,471.582,-178.133,8.99447,-86.6541
4.19669,361.272,471.49,-178.181,9.95582,-86.6571
4.1577,361.336,471.391,-178.21,10.4272,-86.6584
4.11407,361.404,471.289,-178.276,11.3288,-86.6516
4.07044,361.472,471.186,-178.276,11.3288,-86.6516
4.0359,361.535,471.082,-178.356,12.1526,-86.638
4.00501,361.594,470.971,-178.404,12.5393,-86.6232
3.9785,361.649,470.85,-178.528,13.27,-86.5718
3.952,361.703,470.728,-178.528,13.27,-86.5718
3.92492,361.762,470.605,-178.594,13.617,-86.5456
3.89857,361.829,470.48,-178.76,14.3147,-86.4747
3.87155,361.913,470.348,-178.962,15.0347,-86.357
3.84403,362.009,470.215,-179.075,15.4213,-86.2713
3.81652,362.104,470.081,-179.075,15.4213,-86.2713
3.77927,362.217,469.939,-179.32,16.2649,-86.0726
3.74173,362.342,469.792,-179.46,16.7174,-85.9613
3.70418,362.467,469.643,-179.778,17.6478,-85.7189
3.66663,362.591,469.493,-179.778,17.6478,-85.7189
3.63175,362.697,469.334,179.836,18.5805,-85.428
3.60227,362.797,469.169,179.61,19.0535,-85.2642
3.57928,362.882,469.004,179.109,19.9747,-84.8977
3.55699,362.959,468.843,178.829,20.4072,-84.7059
3.5347,363.037,468.682,178.829,20.4072,-84.7059
3.51581,363.104,468.535,178.22,21.1991,-84.2997
3.50185,363.162,468.395,177.555,21.8917,-83.8852
3.48812,363.218,468.257,177.206,22.2136,-83.6596
3.47217,363.273,468.127,176.469,22.8161,-83.1786
3.45622,363.327,467.997,176.469,22.8161,-83.1786
3.43933,363.38,467.877,176.075,23.0995,-82.9247
3.42448,363.433,467.777,175.219,23.6543,-82.343
3.39762,363.495,467.685,174.268,24.2576,-81.6919
3.37075,363.557,467.592,174.268,24.2576,-81.6919
3.3415,363.619,467.503,173.752,24.5678,-81.3347
3.30128,363.678,467.417,172.687,25.1766,-80.6105
3.26211,363.731,467.337,172.159,25.467,-80.2444
3.22463,363.774,467.276,171.115,26.0156,-79.5402
3.18715,363.817,467.215,171.115,26.0156,-79.5402
3.15923,363.849,467.166,170.09,26.5024,-78.8672
3.13409,363.877,467.123,169.587,26.7141,-78.5314
3.11219,363.899,467.089,168.562,27.0672,-77.8701
3.09028,363.921,467.055,168.562,27.0672,-77.8701
3.06716,363.939,467.025,168.04,27.1955,-77.5351
3.03038,363.944,466.993,166.931,27.3627,-76.8488
2.97989,363.937,466.957,165.778,27.4126,-76.1309
2.9298,363.931,466.921,165.202,27.4073,-75.7808
2.8797,363.925,466.885,165.202,27.4073,-75.7808
2.84364,363.92,466.857,164.096,27.3461,-75.1129
2.81287,363.917,466.833,163.571,27.3025,-74.8016
2.79138,363.917,466.821,162.553,27.1847,-74.191
2.76988,363.918,466.808,162.553,27.1847,-74.191
2.75214,363.914,466.807,161.591,27.029,-73.6028
2.73607,363.907,466.819,161.137,26.9271,-73.3255
2.72443,363.9,466.846,160.239,26.6656,-72.7992
2.71221,363.89,466.876,159.803,26.501,-72.5483
2.69999,363.881,466.906,159.803,26.501,-72.5483
2.69224,363.868,466.934,158.953,26.1152,-72.0931
2.69434,363.846,466.953,158.154,25.5957,-71.6992
2.70085,363.816,466.978,157.774,25.2772,-71.5313
2.70952,363.783,467.02,157.028,24.5497,-71.227
2.71819,363.751,467.062,157.028,24.5497,-71.227
2.72721,363.718,467.107,156.679,24.1557,-71.1063
2.73289,363.689,467.154,156.039,23.2993,-70.9089
2.73448,363.656,467.201,155.478,22.3492,-70.7832
2.73607,363.622,467.248,155.478,22.3492,-70.7832
2.73144,363.581,467.302,155.221,21.8422,-70.7429
2.7186,363.525,467.369,154.713,20.7756,-70.7001
2.70056,363.461,467.442,154.461,20.2191,-70.6861
2.68051,363.399,467.518,153.96,19.0846,-70.6792
2.66047,363.336,467.594,153.96,19.0846,-70.6792
2.65185,363.271,467.652,153.469,17.9696,-70.6737
2.64328,363.2,467.701,153.242,17.4056,-70.6803
2.62876,363.117,467.731,152.828,16.2756,-70.7177
2.61424,363.033,467.761,152.828,16.2756,-70.7177
2.59737,362.945,467.786,152.638,15.6831,-70.747
2.57881,362.85,467.822,152.287,14.461,-70.8491
2.56385,362.752,467.886,152.004,13.1714,-71.0003
2.55305,362.657,467.974,151.897,12.5023,-71.1003
2.54224,362.561,468.062,151.897,12.5023,-71.1003
2.53786,362.469,468.178,151.748,11.1141,-71.3324
2.53505,362.382,468.295,151.711,10.3807,-71.4712
2.53653,362.3,468.387,151.736,8.90158,-71.7697
2.53801,362.217,468.478,151.736,8.90158,-71.7697
2.54744,362.147,468.551,151.944,7.51538,-72.0969
2.56183,362.082,468.62,152.122,6.82684,-72.2762
2.58252,362.025,468.678,152.573,5.42354,-72.6521
2.60283,361.974,468.731,152.832,4.73719,-72.8479
2.62314,361.923,468.784,152.832,4.73719,-72.8479
2.63814,361.882,468.82,153.37,3.41592,-73.2349
2.65109,361.854,468.85,153.925,2.1747,-73.6339
2.66703,361.828,468.872,154.21,1.57023,-73.8305
2.68484,361.799,468.885,154.803,0.353884,-74.2189
2.71016,361.765,468.897,154.803,0.353884,-74.2189
2.73542,361.73,468.913,155.127,-0.257504,-74.411
2.756,361.702,468.928,155.828,-1.42448,-74.7917
2.78641,361.667,468.935,156.584,-2.55873,-75.1424
2.81683,361.632,468.941,156.584,-2.55873,-75.1424
2.85184,361.593,468.943,156.963,-3.13985,-75.3052
2.89121,361.56,468.948,157.717,-4.30728,-75.5925
2.93044,361.534,468.955,158.091,-4.87555,-75.7282
2.96967,361.507,468.963,158.464,-5.432,-75.8594
3.00309,361.487,468.97,158.827,-5.9688,-75.9865
3.04374,361.479,468.981,159.542,-7.00013,-76.2217
3.09254,361.48,469.001,159.896,-7.51511,-76.3396
3.16086,361.495,469.032,160.622,-8.50014,-76.5932
3.22917,361.51,469.063,160.622,-8.50014,-76.5932
3.30928,361.532,469.1,161.003,-8.95513,-76.7189
3.40949,361.568,469.15,161.794,-9.81145,-76.995
3.50907,361.602,469.198,162.613,-10.6167,-77.3042
3.60546,361.636,469.244,163.038,-11.013,-77.4668
3.70186,361.67,469.29,163.038,-11.013,-77.4668
3.77727,361.699,469.336,163.904,-11.8473,-77.7799
3.84643,361.723,469.375,164.361,-12.2826,-77.9309
3.90304,361.746,469.405,165.309,-13.1484,-78.2242
3.95966,361.769,469.434,165.309,-13.1484,-78.2242
4.02178,361.792,469.47,166.291,-14.0036,-78.5041
4.08833,361.821,469.507,166.789,-14.4123,-78.6457
4.14548,361.846,469.536,167.771,-15.1893,-78.94
4.20243,361.873,469.567,168.265,-15.5604,-79.101
4.25939,361.901,469.598,168.265,-15.5604,-79.101
4.34799,361.944,469.642,169.266,-16.2471,-79.4375
4.4574,361.999,469.698,170.299,-16.8628,-79.8127
4.56779,362.055,469.754,170.837,-17.1565,-80.0124
4.66889,362.107,469.807,171.949,-17.7281,-80.4323
4.76998,362.16,469.86,171.949,-17.7281,-80.4323
4.87162,362.214,469.914,172.529,-18.0072,-80.633
4.97219,362.271,469.972,173.704,-18.563,-81.0205
5.06558,362.334,470.021,174.895,-19.0806,-81.4369
5.15897,362.397,470.07,174.895,-19.0806,-81.4369
5.26237,362.474,470.121,175.495,-19.3145,-81.6542
5.40513,362.582,470.204,176.722,-19.6795,-82.087
5.57519,362.702,470.299,177.356,-19.7995,-82.3113
5.78832,362.835,470.413,178.639,-19.8914,-82.7731
6.00144,362.969,470.527,178.639,-19.8914,-82.7731
6.26431,363.127,470.668,179.945,-19.821,-83.2237
6.5359,363.296,470.822,-179.393,-19.7469,-83.4424
6.8021,363.478,470.989,-178.077,-19.5329,-83.9035
7.0683,363.66,471.156,-178.077,-19.5329,-83.9035
7.31927,363.84,471.32,-177.424,-19.3976,-84.1442
7.56757,364.015,471.478,-176.106,-19.0969,-84.625
7.82676,364.186,471.636,-174.791,-18.776,-85.0828
8.09129,364.354,471.794,-174.151,-18.6174,-85.3135
8.35583,364.522,471.953,-174.151,-18.6174,-85.3135
8.61408,364.685,472.105,-172.9,-18.3291,-85.7603
8.86015,364.844,472.249,-172.278,-18.2062,-85.9772
9.06728,364.996,472.381,-171.041,-18.0392,-86.4005
9.27441,365.147,472.512,-171.041,-18.0392,-86.4005
9.45122,365.299,472.636,-169.824,-17.9121,-86.8288
9.61078,365.46,472.759,-169.222,-17.8579,-87.0469
9.75802,365.645,472.888,-168,-17.7301,-87.4982
9.90903,365.853,473.033,-167.373,-17.6311,-87.7394
10.06,366.062,473.177,-167.373,-17.6311,-87.7394
10.2064,366.352,473.373,-166.118,-17.3043,-88.2994
10.3537,366.689,473.609,-164.923,-16.7227,-88.8718
10.5024,367.044,473.862,-164.379,-16.3645,-89.1466
10.6152,367.417,474.133,-163.422,-15.5601,-89.6949
10.7279,367.789,474.403,-163.422,-15.5601,-89.6949
10.8031,368.158,474.663,-163.001,-15.1201,-89.9774
10.793,368.517,474.886,-162.246,-14.1931,-90.5478
10.7245,368.875,475.085,-161.591,-13.1425,-91.1205
10.656,369.232,475.284,-161.591,-13.1425,-91.1205
10.5716,369.581,475.481,-161.308,-12.5753,-91.4045
10.4998,369.916,475.681,-160.824,-11.3875,-91.9422
10.4372,370.242,475.878,-160.609,-10.7707,-92.207
10.387,370.545,476.065,-160.231,-9.49917,-92.721
10.3369,370.848,476.251,-160.231,-9.49917,-92.721
10.3006,371.121,476.423,-159.918,-8.22083,-93.2138
10.2663,371.382,476.588,-159.784,-7.57875,-93.4504
10.2333,371.617,476.739,-159.555,-6.21979,-93.8982
10.2003,371.853,476.889,-159.555,-6.21979,-93.8982
10.1707,372.073,477.031,-159.467,-5.48981,-94.0934
10.1775,372.259,477.16,-159.341,-4.00754,-94.4101
10.1919,372.411,477.267,-159.326,-2.54141,-94.6836
10.2014,372.545,477.359,-159.36,-1.80127,-94.8003
10.2109,372.68,477.451,-159.36,-1.80127,-94.8003
10.2188,372.791,477.522,-159.478,-0.309728,-94.9907
10.2272,372.891,477.576,-159.559,0.432244,-95.0587
10.2336,372.972,477.61,-159.767,1.91792,-95.1658
10.24,373.053,477.644,-159.767,1.91792,-95.1658
10.2437,373.12,477.668,-160.013,3.36971,-95.2355
10.2471,373.183,477.683,-160.149,4.09474,-95.252
10.2535,373.243,477.663,-160.459,5.53434,-95.2279
10.26,373.307,477.619,-160.631,6.24991,-95.2001
10.2664,373.37,477.574,-160.631,6.24991,-95.2001
10.2835,373.438,477.486,-161.048,7.66522,-95.1175
10.301,373.508,477.358,-161.599,9.11133,-94.9732
10.3161,373.575,477.202,-161.909,9.8382,-94.8718
10.3312,373.643,477.046,-161.909,9.8382,-94.8718
10.3557,373.703,476.84,-162.57,11.3601,-94.6284
10.3908,373.756,476.621,-162.927,12.1501,-94.4896
10.4367,373.79,476.385,-163.72,13.7179,-94.1828
10.4899,373.797,476.15,-164.637,15.2362,-93.8309
10.543,373.804,475.915,-164.637,15.2362,-93.8309
10.5994,373.804,475.665,-165.156,15.9986,-93.6188
10.645,373.802,475.443,-166.27,17.5111,-93.1256
10.6893,373.813,475.223,-166.842,18.2439,-92.8761
10.7243,373.818,475.005,-167.994,19.6799,-92.3449
10.7594,373.823,474.787,-167.994,19.6799,-92.3449
10.7869,373.839,474.559,-169.115,21.0743,-91.8211
10.8011,373.854,474.323,-169.663,21.7749,-91.558
10.7997,373.869,474.085,-170.732,23.1817,-91.0469
10.7982,373.883,473.847,-170.732,23.1817,-91.0469
10.7872,373.889,473.622,-171.263,23.8605,-90.7982
10.7619,373.887,473.424,-172.318,25.1257,-90.3387
10.7309,373.879,473.248,-173.361,26.2954,-89.9315
10.7079,373.867,473.074,-173.863,26.8519,-89.7313
10.6849,373.854,472.899,-173.863,26.8519,-89.7313
10.6677,373.831,472.747,-174.808,27.9771,-89.3288
10.6345,373.801,472.6,-175.274,28.5274,-89.1349
10.5732,373.736,472.455,-176.217,29.5818,-88.7161
10.512,373.67,472.309,-176.217,29.5818,-88.7161
10.4069,373.577,472.16,-177.248,30.5457,-88.2751
10.2633,373.463,472,-177.802,30.9921,-88.0426
10.0524,373.3,471.796,-179.002,31.8428,-87.5316
9.80851,373.114,471.576,-179.65,32.2495,-87.2474
9.56466,372.927,471.355,-179.65,32.2495,-87.2474
9.27408,372.716,471.124,178.927,32.9711,-86.622
8.97229,372.516,470.922,177.408,33.5898,-85.9534
8.6731,372.322,470.742,176.632,33.8668,-85.6021
8.39034,372.138,470.597,175.036,34.3756,-84.8357
8.10758,371.955,470.452,175.036,34.3756,-84.8357
7.82749,371.773,470.3,174.209,34.6011,-84.4251
7.5317,371.588,470.138,172.518,34.9866,-83.5584
7.17356,371.373,469.946,170.841,35.2466,-82.6853
6.81541,371.159,469.754,170.841,35.2466,-82.6853
6.42891,370.915,469.54,170.002,35.313,-82.2557
5.97754,370.603,469.291,168.341,35.313,-81.4088
5.49621,370.26,469.019,167.518,35.2377,-80.9989
5.01489,369.916,468.746,167.518,35.2377,-80.9989
4.53392,369.539,468.444,165.866,34.9523,-80.1675
4.1134,369.14,468.133,164.161,34.4638,-79.306
3.73568,368.733,467.827,163.306,34.1584,-78.8634
3.45738,368.327,467.53,161.653,33.4886,-78.0111
3.17909,367.922,467.232,161.653,33.4886,-78.0111
2.9629,367.517,466.944,160.895,33.1277,-77.617
2.87853,367.087,466.67,159.531,32.319,-76.917
2.87111,366.621,466.436,158.349,31.3984,-76.3248
2.90139,366.135,466.222,157.805,30.8775,-76.0633
2.93167,365.648,466.007,157.805,30.8775,-76.0633
3.02716,365.136,465.827,156.779,29.7088,-75.6162
3.14239,364.617,465.664,156.302,29.0599,-75.4345
3.29417,364.106,465.532,155.435,27.6722,-75.1501
3.44594,363.594,465.4,155.435,27.6722,-75.1501
3.62905,363.099,465.305,154.69,26.1801,-74.989
3.82606,362.615,465.232,154.368,25.4071,-74.9511
4.03962,362.148,465.198,153.791,23.7811,-74.9475
4.25948,361.681,465.181,153.541,22.9419,-74.9857
4.47935,361.214,465.164,153.541,22.9419,-74.9857
4.70419,360.727,465.167,153.105,21.2119,-75.1294
4.94566,360.238,465.185,152.778,19.4775,-75.3484
5.20233,359.753,465.206,152.656,18.6188,-75.4816
5.47857,359.274,465.236,152.5,16.9154,-75.8137
5.7548,358.794,465.266,152.5,16.9154,-75.8137
6.03697,358.32,465.31,152.478,16.0789,-76.0083
6.33697,357.861,465.386,152.519,14.3784,-76.4275
6.65323,357.42,465.457,152.619,12.6599,-76.8616
6.96949,356.978,465.529,152.619,12.6599,-76.8616
7.28223,356.557,465.599,152.693,11.8169,-77.0864
7.5905,356.181,465.65,152.925,10.1405,-77.5582
7.9027,355.823,465.702,153.113,9.29744,-77.8124
8.25239,355.49,465.775,153.633,7.61193,-78.3253
8.60208,355.157,465.848,153.633,7.61193,-78.3253
9.0234,354.879,465.954,154.233,5.94876,-78.8083
9.47358,354.63,466.076,154.524,5.13788,-79.0275
9.96258,354.415,466.216,155.082,3.54249,-79.4374
10.4516,354.201,466.356,155.082,3.54249,-79.4374
10.9486,354,466.503,155.369,2.77424,-79.6386
11.4579,353.828,466.647,155.964,1.28593,-80.035
11.9948,353.683,466.789,156.608,-0.193195,-80.4244
12.5442,353.552,466.933,156.94,-0.920876,-80.608
13.0935,353.421,467.078,156.94,-0.920876,-80.608
13.6502,353.327,467.224,157.622,-2.29571,-80.9741
14.2162,353.259,467.381,157.988,-2.95714,-81.1567
14.8088,353.26,467.571,158.735,-4.22768,-81.477
15.4014,353.261,467.762,158.735,-4.22768,-81.477
16.0366,353.316,467.986,159.468,-5.42692,-81.7284
16.6865,353.389,468.222,159.829,-5.99123,-81.8355
17.3433,353.463,468.453,160.577,-7.0786,-82.0278
18.0131,353.538,468.68,160.962,-7.62174,-82.123
18.6829,353.613,468.906,160.962,-7.62174,-82.123
19.3753,353.701,469.137,161.761,-8.69811,-82.3029
20.0649,353.778,469.353,162.569,-9.72387,-82.4748
20.7488,353.85,469.554,162.98,-10.2365,-82.5523
21.4068,353.91,469.733,163.823,-11.2525,-82.711
22.0647,353.971,469.912,163.823,-11.2525,-82.711
22.7105,354.029,470.084,164.262,-11.7473,-82.8009
23.323,354.098,470.243,165.159,-12.6887,-82.9807
23.9005,354.18,470.374,166.067,-13.5368,-83.1867
24.478,354.262,470.505,166.067,-13.5368,-83.1867
25.0343,354.347,470.619,166.542,-13.9471,-83.301
25.5693,354.457,470.732,167.511,-14.736,-83.5136
26.1034,354.576,470.85,168.004,-15.1164,-83.6223
26.6555,354.735,470.958,169.005,-15.8101,-83.8341
27.2076,354.894,471.065,169.005,-15.8101,-83.8341
27.7926,355.093,471.166,170.088,-16.3972,-84.0579
28.3864,355.307,471.255,170.666,-16.6565,-84.1931
29.0167,355.552,471.329,171.896,-17.0998,-84.4765
29.6471,355.796,471.403,171.896,-17.0998,-84.4765
30.2893,356.066,471.461,172.545,-17.2979,-84.6239
30.9469,356.408,471.492,173.871,-17.6626,-84.9542
31.6115,356.86,471.487,175.263,-17.9751,-85.2892
32.2868,357.383,471.464,175.97,-18.1216,-85.4452
32.9622,357.907,471.44,175.97,-18.1216,-85.4452
33.6209,358.58,471.379,177.433,-18.3892,-85.7302
34.2531,359.329,471.314,178.184,-18.5123,-85.8691
34.8096,360.254,471.222,179.705,-18.7056,-86.1239
35.3661,361.178,471.13,179.705,-18.7056,-86.1239
35.8258,362.268,471.02,-178.817,-18.8533,-86.3303
36.2307,363.44,470.897,-178.117,-18.9029,-86.4272
36.4749,364.757,470.775,-176.771,-18.9357,-86.5931
36.6117,366.144,470.638,-176.122,-18.9231,-86.6818
36.7486,367.532,470.502,-176.122,-18.9231,-86.6818
36.6216,369.032,470.349,-174.838,-18.8494,-86.8946
36.2419,370.604,470.166,-173.575,-18.6862,-87.2128
35.7629,372.204,469.958,-172.931,-18.5456,-87.3746
35.1338,373.838,469.693,-171.672,-18.1746,-87.7123
34.5047,375.473,469.428,-171.672,-18.1746,-87.7123
33.8034,377.109,469.154,-171.074,-17.9592,-87.9051
32.9977,378.722,468.886,-169.929,-17.4773,-88.3301
32.1171,380.319,468.662,-168.839,-16.907,-88.768
31.2365,381.916,468.437,-168.839,-16.907,-88.768
30.3316,383.498,468.241,-168.317,-16.5753,-88.9902
29.3731,385.07,468.133,-167.312,-15.8515,-89.4394
28.3921,386.628,468.085,-166.844,-15.4454,-89.6485
27.3493,388.167,468.165,-166,-14.5681,-90.0582
26.3066,389.706,468.245,-166,-14.5681,-90.0582
25.2071,391.221,468.442,-165.256,-13.6182,-90.4584
24.094,392.727,468.701,-164.922,-13.1114,-90.6466
22.9631,394.219,469.059,-164.323,-12.0449,-91.0205
21.8322,395.712,469.418,-164.323,-12.0449,-91.0205
20.7034,397.183,469.822,-164.055,-11.4974,-91.1975
19.5946,398.612,470.277,-163.596,-10.4046,-91.5433
18.5329,399.978,470.758,-163.234,-9.32324,-91.8404
17.5022,401.308,471.246,-163.101,-8.79591,-91.9804
16.4714,402.638,471.734,-163.101,-8.79591,-91.9804
15.511,403.889,472.238,-162.927,-7.75469,-92.2197
14.5901,405.103,472.751,-162.879,-7.24022,-92.3217
13.7386,406.256,473.26,-162.859,-6.23898,-92.4701
12.887,407.409,473.769,-162.859,-6.23898,-92.4701
12.0697,408.525,474.27,-162.937,-5.25607,-92.5732
11.2678,409.63,474.76,-163.032,-4.74847,-92.5859
10.4703,410.714,475.236,-163.344,-3.68066,-92.5383
9.65698,411.778,475.71,-163.569,-3.15059,-92.4914
8.84371,412.842,476.184,-163.569,-3.15059,-92.4914
7.98572,413.845,476.652,-164.164,-2.10468,-92.3502
7.07773,414.789,477.112,-164.936,-1.05229,-92.116
6.15879,415.702,477.571,-165.372,-0.524061,-91.9764
5.22695,416.547,478.042,-166.334,0.52681,-91.6504
4.29512,417.392,478.512,-166.334,0.52681,-91.6504
3.36981,418.19,478.989,-166.864,1.03213,-91.4674
2.44948,418.868,479.47,-168.021,2.00062,-91.0671
1.53292,419.41,479.938,-169.258,2.88681,-90.615
0.616359,419.953,480.406,-169.258,2.88681,-90.615
-0.286843,420.421,480.863,-169.873,3.29113,-90.3825
-1.16527,420.725,481.295,-171.108,4.01671,-89.9237
-2.03359,420.94,481.725,-171.727,4.33504,-89.6884
-2.86721,420.986,482.137,-172.959,4.92258,-89.2076
-3.70084,421.031,482.549,-172.959,4.92258,-89.2076
-4.49865,420.882,482.958,-174.154,5.40659,-88.7416
-5.29602,420.62,483.367,-174.721,5.59493,-88.5255
-6.07232,420.127,483.764,-175.75,5.8819,-88.1297
-6.84862,419.634,484.162,-175.75,5.8819,-88.1297
-7.61241,419.016,484.544,-176.202,5.97771,-87.9568
-8.28797,418.164,484.933,-176.975,6.07224,-87.6781
-8.84616,417.112,485.339,-177.627,6.08042,-87.4523
-9.34412,415.974,485.765,-177.918,6.05737,-87.3471
-9.84209,414.836,486.191,-177.918,6.05737,-87.3471
-10.191,413.533,486.613,-178.469,5.99187,-87.124
-10.4787,412.143,487.035,-178.73,5.94169,-87.0156
-10.6497,410.579,487.471,-179.193,5.82977,-86.8212
-10.8208,409.015,487.907,-179.193,5.82977,-86.8212
-10.8989,407.277,488.34,-179.569,5.69591,-86.6386
-10.9514,405.446,488.761,-179.729,5.61232,-86.5517
-10.9611,403.442,489.15,179.971,5.40818,-86.3861
-10.9763,401.353,489.526,179.821,5.29036,-86.3065
-10.9914,399.264,489.903,179.821,5.29036,-86.3065
-11.0206,397.043,490.252,179.538,5.03669,-86.1533
-11.0473,394.735,490.556,179.284,4.76282,-86.003
-11.0672,392.386,490.835,179.176,4.62854,-85.9347
-11.0832,389.944,491.1,178.99,4.37282,-85.8089
-11.0992,387.502,491.365,178.99,4.37282,-85.8089
-11.105,385.006,491.634,178.911,4.24153,-85.751
-11.0995,382.387,491.931,178.776,3.98194,-85.6259
-11.0817,379.691,492.297,178.667,3.72937,-85.4994
-11.064,376.995,492.663,178.667,3.72937,-85.4994
-11.0246,374.277,493.072,178.62,3.60844,-85.4365
-10.9608,371.531,493.559,178.549,3.37553,-85.3288
-10.8923,368.77,494.084,178.523,3.27198,-85.274
-10.7935,365.969,494.657,178.479,3.0778,-85.163
-10.6946,363.167,495.231,178.479,3.0778,-85.163
-10.6029,360.324,495.841,178.443,2.90342,-85.0641
-10.5057,357.461,496.463,178.437,2.82008,-85.0177
-10.3953,354.572,497.093,178.426,2.64336,-84.9213
-10.285,351.683,497.722,178.426,2.64336,-84.9213
-10.1738,348.787,498.348,178.412,2.55903,-84.8711
-10.0745,345.851,498.917,178.389,2.38871,-84.7683
-9.98664,342.934,499.437,178.37,2.22556,-84.685
-9.89782,340.029,499.934,178.362,2.147,-84.6405
-9.80899,337.125,500.432,178.362,2.147,-84.6405
-9.70087,334.251,500.89,178.349,2.00367,-84.5644
-9.5811,331.412,501.341,178.343,1.9383,-84.532
-9.40293,328.686,501.77,178.35,1.81753,-84.4765
-9.22475,325.959,502.199,178.35,1.81753,-84.4765
-8.98065,323.341,502.581,178.356,1.7116,-84.4145
-8.72624,320.764,502.94,178.358,1.66644,-84.388
-8.48374,318.261,503.266,178.405,1.56311,-84.3428
-8.25722,315.809,503.573,178.43,1.5148,-84.3235
-8.03069,313.357,503.879,178.43,1.5148,-84.3235
-7.85161,310.97,504.133,178.463,1.42319,-84.2735
-7.72078,308.647,504.347,178.481,1.31478,-84.2329
-7.58539,306.384,504.556,178.48,1.26431,-84.2066
-7.45,304.121,504.765,178.48,1.26431,-84.2066
-7.27738,302.007,504.955,178.478,1.17799,-84.1617
-7.08118,299.953,505.132,178.477,1.14119,-84.1425
-6.86009,298.015,505.272,178.476,1.06926,-84.1097
-6.59407,296.208,505.402,178.475,1.0029,-84.0661
-6.32804,294.402,505.532,178.475,1.0029,-84.0661
-6.04165,292.658,505.66,178.474,0.965613,-84.0385
-5.76573,291.219,505.814,178.473,0.937846,-84.0084
-5.5361,289.922,506.001,178.473,0.961062,-83.9955
-5.3781,288.862,506.21,178.473,0.97466,-83.9736
-5.22011,287.801,506.42,178.473,0.97466,-83.9736
-5.09644,286.949,506.592,178.472,0.977574,-83.9558
-4.97809,286.191,506.751,178.481,0.960817,-83.9482
-4.84101,285.595,506.89,178.496,0.923162,-83.9353
-4.70393,284.998,507.028,178.496,0.923162,-83.9353
-4.55324,284.468,507.154,178.502,0.893846,-83.9297
-4.40634,284.046,507.254,178.496,0.843715,-83.9203
-4.28345,283.707,507.34,178.491,0.803109,-83.9126
-4.16984,283.404,507.418,178.489,0.785798,-83.9094
-4.05623,283.101,507.497,178.489,0.785798,-83.9094
-3.95495,282.862,507.563,178.485,0.756197,-83.9038
-3.85585,282.653,507.615,178.475,0.734577,-83.9014
-3.75914,282.51,507.628,178.457,0.680507,-83.9144
-3.66243,282.367,507.641,178.457,0.680507,-83.9144
-3.56373,282.295,507.626,178.442,0.619611,-83.925
-3.46081,282.259,507.599,178.436,0.58465,-83.9295
-3.33983,282.299,507.563,178.434,0.524866,-83.9372
-3.21535,282.381,507.527,178.438,0.49038,-83.9495
-3.09088,282.462,507.491,178.438,0.49038,-83.9495
-2.96825,282.629,507.438,178.444,0.422408,-83.9705
-2.84843,282.877,507.36,178.449,0.35925,-83.9875
-2.73016,283.167,507.268,178.46,0.332325,-83.9947
-2.6119,283.458,507.177,178.46,0.332325,-83.9947
-2.49741,283.836,507.067,178.488,0.269183,-84.0242
-2.38635,284.254,506.948,178.504,0.242265,-84.0368
-2.30901,284.755,506.814,178.532,0.196235,-84.0583
-2.25818,285.319,506.645,178.554,0.14995,-84.0847
-2.20735,285.883,506.476,178.554,0.14995,-84.0847
-2.16627,286.488,506.294,178.564,0.125955,-84.1003
-2.12421,287.16,506.099,178.597,0.0849236,-84.1268
-2.07716,287.863,505.887,178.612,0.0674312,-84.1381
-2.0301,288.566,505.674,178.624,0.0516881,-84.1573
-1.98598,289.348,505.43,178.645,0.0375193,-84.1746
-1.94911,290.195,505.169,178.68,0.0132906,-84.2041
-1.91803,291.084,504.9,178.695,0.00296157,-84.2167
-1.87649,292.064,504.63,178.73,-0.0147011,-84.2553
-1.83495,293.044,504.36,178.73,-0.0147011,-84.2553
-1.77932,294.073,504.085,178.749,-0.022231,-84.2718
-1.70037,295.228,503.815,178.781,-0.0441071,-84.309
-1.5987,296.532,503.554,178.825,-0.0699268,-84.3472
-1.48478,297.904,503.296,178.852,-0.0719341,-84.3724
-1.37085,299.275,503.038,178.852,-0.0719341,-84.3724
-1.23531,300.792,502.778,178.899,-0.0753666,-84.4157
-1.09189,302.378,502.511,178.928,-0.07683,-84.4431
-0.947555,304.1,502.217,178.978,-0.0793323,-84.499
-0.803219,305.822,501.922,178.978,-0.0793323,-84.499
-0.66771,307.662,501.598,179.027,-0.0813591,-84.5614
-0.545627,309.568,501.258,179.053,-0.0822232,-84.5923
-0.43127,311.616,500.869,179.096,-0.100801,-84.654
-0.317721,313.744,500.444,179.114,-0.108721,-84.6846
-0.204171,315.872,500.019,179.114,-0.108721,-84.6846
-0.0827947,318.165,499.539,179.146,-0.122264,-84.746
0.0571265,320.642,498.989,179.188,-0.133234,-84.8208
0.205254,323.218,498.408,179.207,-0.13791,-84.8617
0.385965,326.005,497.792,179.255,-0.145907,-84.9407
0.566676,328.792,497.176,179.255,-0.145907,-84.9407
0.760692,331.681,496.54,179.284,-0.149317,-84.9786
0.964816,334.751,495.89,179.344,-0.155146,-85.0696
1.16158,337.968,495.229,179.417,-0.159869,-85.1604
1.35835,341.184,494.567,179.417,-0.159869,-85.1604
1.55388,344.478,493.902,179.448,-0.161882,-85.2033
1.76884,347.906,493.253,179.502,-0.148224,-85.2939
1.9914,351.401,492.59,179.525,-0.142402,-85.3415
2.21395,354.897,491.927,179.525,-0.142402,-85.3415
2.45843,358.491,491.266,179.581,-0.132445,-85.4319
2.72645,362.177,490.644,179.626,-0.107281,-85.5223
3.01587,365.903,490.059,179.646,-0.0875527,-85.565
3.35318,369.689,489.566,179.679,-0.0538177,-85.6472
3.6905,373.475,489.073,179.679,-0.0538177,-85.6472
4.04467,377.295,488.606,179.693,-0.0394359,-85.6865
4.43689,381.16,488.21,179.726,-0.0148431,-85.7797
4.8607,385.06,487.868,179.761,0.00507707,-85.8634
5.30143,388.968,487.54,179.776,0.0135694,-85.908
5.74217,392.877,487.212,179.776,0.0135694,-85.908
6.18393,396.765,486.946,179.784,0.0280912,-85.9844
6.6218,400.629,486.712,179.788,0.0342821,-86.017
7.03691,404.434,486.543,179.794,0.0448685,-86.0816
7.45201,408.238,486.375,179.794,0.0448685,-86.0816
7.83503,411.964,486.272,179.799,0.0363435,-86.1511
8.21197,415.641,486.186,179.801,0.0327091,-86.185
8.59093,419.243,486.177,179.805,0.0264944,-86.252
8.9776,422.828,486.204,179.806,0.0238449,-86.2848
9.36427,426.412,486.232,179.806,0.0238449,-86.2848
9.77276,429.953,486.371,179.809,0.0283144,-86.358
10.2032,433.415,486.627,179.828,0.0400347,-86.4344
10.6244,436.829,486.953,179.845,0.0450312,-86.4759
11.0349,440.159,487.462,179.884,0.0535753,-86.547
11.4453,443.488,487.97,179.884,0.0535753,-86.547
11.8441,446.779,488.58,179.922,0.0572177,-86.5773
12.2352,449.975,489.405,179.997,0.0895464,-86.6462
12.6169,453.041,490.389,-179.934,0.123833,-86.702
12.9986,456.107,491.373,-179.934,0.123833,-86.702
13.3776,459.101,492.422,-179.904,0.147449,-86.7258
13.7181,461.904,493.522,-179.828,0.187834,-86.7665
14.0423,464.603,494.618,-179.782,0.205051,-86.7839
14.2905,467.087,495.675,-179.695,0.234491,-86.8306
14.5386,469.57,496.733,-179.695,0.234491,-86.8306
14.6676,471.846,497.727,-179.599,0.258338,-86.8946
14.7204,474.032,498.697,-179.558,0.268504,-86.9262
14.6394,476.04,499.605,-179.488,0.285888,-87.0062
14.5584,478.048,500.512,-179.488,0.285888,-87.0062
14.4064,479.967,501.398,-179.467,0.302299,-87.0626
14.1146,481.664,502.238,-179.432,0.356462,-87.1851
13.7183,483.113,503.008,-179.403,0.426435,-87.3185
13.2876,484.426,503.736,-179.4,0.473791,-87.3797
12.8569,485.74,504.464,-179.4,0.473791,-87.3797
12.4075,486.766,505.084,-179.403,0.571871,-87.4842
11.9555,487.652,505.652,-179.409,0.622684,-87.5288
11.5019,488.29,506.121,-179.401,0.709574,-87.605
11.0484,488.927,506.591,-179.401,0.709574,-87.605
10.5831,489.327,506.974,-179.395,0.779955,-87.6668
10.1188,489.604,507.305,-179.402,0.809959,-87.6931
9.70302,489.653,507.558,-179.413,0.861267,-87.721
9.33626,489.588,507.766,-179.409,0.88314,-87.7329
8.96951,489.523,507.974,-179.409,0.88314,-87.7329
8.70346,489.237,508.076,-179.41,0.929544,-87.7443
8.54809,488.717,508.075,-179.42,0.97523,-87.7192
8.43592,488.088,507.999,-179.424,0.994707,-87.7043
8.38349,487.266,507.772,-179.431,1.02801,-87.6788
8.33107,486.443,507.545,-179.431,1.02801,-87.6788
8.30252,485.529,507.247,-179.443,1.04221,-87.6589
8.32174,484.449,506.849,-179.48,1.06649,-87.5988
8.35586,483.23,506.373,-179.51,1.08616,-87.542
8.38998,482.011,505.896,-179.51,1.08616,-87.542
8.40185,480.734,505.396,-179.523,1.09454,-87.5088
8.36388,479.338,504.869,-179.555,1.10888,-87.4521
8.2879,477.888,504.341,-179.572,1.11499,-87.4279
8.21192,476.438,503.813,-179.572,1.11499,-87.4279
8.06105,474.885,503.282,-179.611,1.12544,-87.3694
7.86394,473.235,502.777,-179.651,1.13391,-87.3049
7.65238,471.532,502.298,-179.677,1.13752,-87.2684
7.45653,469.744,501.87,-179.721,1.14369,-87.197
7.26068,467.956,501.442,-179.721,1.14369,-87.197
7.07793,466.124,501.042,-179.74,1.14632,-87.1623
6.89058,464.193,500.683,-179.772,1.13372,-87.0859
6.68624,462.169,500.399,-179.798,1.12351,-87.0068
6.47775,460.105,500.163,-179.81,1.11916,-86.9642
6.26926,458.041,499.927,-179.81,1.11916,-86.9642
6.06738,455.901,499.763,-179.829,1.11172,-86.8741
5.87512,453.72,499.63,-179.837,1.10855,-86.8267
5.70294,451.443,499.541,-179.868,1.10312,-86.7195
5.53076,449.167,499.452,-179.868,1.10312,-86.7195
5.38961,446.791,499.369,-179.91,1.09873,-86.6156
5.25433,444.359,499.277,-179.928,1.09686,-86.558
5.14863,441.823,499.149,-179.976,1.09365,-86.4425
5.06778,439.26,499.013,-179.996,1.09229,-86.3843
4.98692,436.697,498.878,-179.996,1.09229,-86.3843
4.94967,434.095,498.726,179.96,1.08995,-86.2585
4.90788,431.422,498.518,179.916,1.08806,-86.1225
4.85648,428.715,498.286,179.889,1.08726,-86.0513
4.7832,425.958,498.011,179.815,1.08588,-85.9204
4.70992,423.201,497.736,179.815,1.08588,-85.9204
4.646,420.426,497.434,179.771,1.08529,-85.8514
4.5882,417.59,497.058,179.668,1.07529,-85.7072
4.55665,414.741,496.633,179.569,1.05908,-85.5824
4.5251,411.893,496.208,179.569,1.05908,-85.5824
4.49883,409.048,495.771,179.522,1.05217,-85.5201
4.49501,406.222,495.315,179.433,1.04036,-85.4047
4.50022,403.412,494.866,179.39,1.03532,-85.3512
4.47407,400.623,494.423,179.318,1.01771,-85.2508
4.44792,397.833,493.981,179.318,1.01771,-85.2508
4.31981,395.063,493.565,179.251,0.995347,-85.1613
4.15433,392.29,493.148,179.217,0.985812,-85.1232
3.90373,389.543,492.805,179.152,0.969508,-85.058
3.65314,386.797,492.462,179.152,0.969508,-85.058
3.37792,384.061,492.167,179.12,0.962557,-85.0212
3.06755,381.35,492.015,179.065,0.959671,-84.9583
2.76248,378.669,491.993,179.02,0.982534,-84.9073
2.48054,375.987,492.031,178.992,0.99228,-84.8766
2.19861,373.305,492.069,178.992,0.99228,-84.8766
1.95799,370.646,492.254,178.944,1.02605,-84.824
1.74855,368.007,492.516,178.924,1.04944,-84.7926
1.58269,365.383,492.943,178.889,1.09845,-84.7299
1.41682,362.759,493.37,178.889,1.09845,-84.7299
1.27495,360.138,493.903,178.861,1.15524,-84.662
1.14613,357.525,494.479,178.849,1.18372,-84.6288
1.03573,354.918,495.127,178.828,1.24951,-84.5631
0.929665,352.302,495.791,178.819,1.27756,-84.5307
0.823601,349.686,496.455,178.819,1.27756,-84.5307
0.703945,347.048,497.117,178.804,1.32552,-84.4494
0.542535,344.384,497.755,178.775,1.36437,-84.3664
0.362125,341.717,498.378,178.753,1.38094,-84.3268
0.16642,339.1,499.015,178.69,1.40926,-84.2419
-0.0292854,336.483,499.652,178.69,1.40926,-84.2419
-0.225602,333.914,500.31,178.65,1.42133,-84.1967
-0.398287,331.447,501.021,178.582,1.45908,-84.1194
-0.497591,329.108,501.81,178.526,1.50675,-84.0397
-0.596894,326.77,502.599,178.526,1.50675,-84.0397
-0.662962,324.499,503.422,178.503,1.53608,-84.0058
-0.688226,322.345,504.317,178.462,1.58622,-83.9306
-0.702554,320.254,505.242,178.454,1.6076,-83.8985
-0.689315,318.311,506.21,178.44,1.64416,-83.8266
-0.676075,316.369,507.178,178.44,1.64416,-83.8266
-0.615611,314.609,508.167,178.429,1.67377,-83.7512
-0.530969,312.945,509.142,178.424,1.68639,-83.7191
-0.416224,311.449,510.103,178.415,1.70798,-83.6552
-0.30148,309.954,511.063,178.415,1.70798,-83.6552
-0.175859,308.537,512.012,178.412,1.71718,-83.6237
-0.0432097,307.28,512.935,178.406,1.73291,-83.5698
0.0907582,306.2,513.804,178.401,1.74566,-83.5261
0.233951,305.226,514.63,178.399,1.75109,-83.4985
0.377144,304.251,515.455,178.399,1.75109,-83.4985
0.543323,303.486,516.175,178.395,1.74329,-83.4513
0.717887,302.816,516.832,178.394,1.73096,-83.4402
0.87703,302.314,517.357,178.408,1.70088,-83.4211
1.03617,301.812,517.881,178.408,1.70088,-83.4211
1.15969,301.45,518.285,178.403,1.65131,-83.4057
1.26516,301.152,518.64,178.401,1.63018,-83.3991
1.36199,300.988,518.922,178.397,1.56794,-83.3879
1.46606,300.893,519.169,178.395,1.53715,-83.3831
1.57013,300.798,519.417,178.395,1.53715,-83.3831
1.69522,300.839,519.587,178.401,1.47549,-83.3749
1.84053,301.025,519.638,178.414,1.41745,-83.3683
1.98949,301.271,519.613,178.411,1.3927,-83.3655
2.13846,301.518,519.588,178.411,1.3927,-83.3655
2.28786,301.87,519.37,178.396,1.33329,-83.3606
2.43169,302.281,519.042,178.385,1.29896,-83.3586
2.55051,302.821,518.488,178.384,1.21416,-83.355
2.64407,303.521,517.677,178.375,1.12837,-83.3522
2.73763,304.221,516.867,178.375,1.12837,-83.3522
2.81768,305.001,515.933,178.357,1.07853,-83.351
2.85921,305.957,514.759,178.327,0.96721,-83.366
2.88174,307.009,513.48,178.324,0.906489,-83.3814
2.87215,308.289,512.027,178.317,0.776556,-83.4167
2.86257,309.568,510.574,178.317,0.776556,-83.4167
2.84712,311.091,508.965,178.312,0.637111,-83.4534
2.83078,312.737,507.277,178.31,0.5644,-83.4781
2.79233,314.629,505.478,178.306,0.404964,-83.5293
2.75387,316.521,503.679,178.306,0.404964,-83.5293
2.70574,318.538,501.843,178.313,0.319467,-83.5643
2.62604,320.821,499.948,178.326,0.139069,-83.6414
2.50999,323.372,497.998,178.336,-0.0592545,-83.7299
2.38551,326.053,496.035,178.341,-0.161329,-83.7809
2.26104,328.735,494.072,178.341,-0.161329,-83.7809
2.13386,331.687,492.063,178.348,-0.361977,-83.8853
1.99973,334.763,490.055,178.351,-0.469779,-83.9387
1.87661,338.081,488.055,178.357,-0.697321,-84.0473
1.7535,341.398,486.055,178.357,-0.697321,-84.0473
1.66342,344.948,484.095,178.361,-0.93293,-84.1613
1.58475,348.6,482.168,178.363,-1.05564,-84.2142
1.51372,352.451,480.306,178.366,-1.33477,-84.3307
1.4454,356.404,478.477,178.368,-1.48029,-84.3936
1.37708,360.358,476.647,178.368,-1.48029,-84.3936
1.32106,364.49,474.871,178.387,-1.75523,-84.5102
1.281,368.766,473.187,178.412,-2.02024,-84.6389
1.24237,373.081,471.563,178.436,-2.14222,-84.698
1.17188,377.398,470.05,178.485,-2.38589,-84.8252
1.10139,381.714,468.538,178.485,-2.38589,-84.8252
1.01901,386.022,467.092,178.52,-2.50731,-84.8927
0.896578,390.285,465.801,178.579,-2.74102,-85.0342
0.758882,394.483,464.629,178.653,-2.99062,-85.183
0.621186,398.682,463.457,178.653,-2.99062,-85.183
0.491191,402.846,462.35,178.697,-3.11456,-85.2597
0.377715,406.959,461.441,178.818,-3.36159,-85.4169
0.27373,411.051,460.653,178.9,-3.48444,-85.4972
0.166357,415.136,460.016,178.992,-3.59499,-85.5785
0.0572911,419.22,459.537,179.093,-3.70349,-85.6607
-0.0944676,423.317,459.425,179.335,-3.90613,-85.8272
-0.288571,427.413,459.503,179.455,-3.99252,-85.9115
-0.587198,431.491,459.98,179.704,-4.13124,-86.0907
-0.885824,435.568,460.457,179.704,-4.13124,-86.0907
-1.23126,439.598,461.146,179.833,-4.17711,-86.1757
-1.66379,443.459,462.335,-179.912,-4.23846,-86.347
-2.17712,447.103,464.046,-179.646,-4.25305,-86.511
-2.73001,450.624,466.008,-179.52,-4.24175,-86.5899
-3.28289,454.145,467.97,-179.52,-4.24175,-86.5899
-3.87034,457.418,470.407,-179.26,-4.17022,-86.7248
-4.46119,460.567,473.027,-179.145,-4.1132,-86.7823
-5.024,463.436,475.915,-178.948,-3.95449,-86.8807
-5.58681,466.306,478.803,-178.948,-3.95449,-86.8807
-6.09995,468.825,481.812,-178.789,-3.74044,-86.9603
-6.59153,471.134,484.797,-178.73,-3.62739,-86.9943
-7.03352,472.962,487.574,-178.62,-3.39989,-87.0524
-7.4557,474.55,490.158,-178.569,-3.2939,-87.0771
-7.87787,476.139,492.742,-178.569,-3.2939,-87.0771
-8.28273,477.228,494.837,-178.482,-3.09556,-87.1195
-8.7155,477.852,496.365,-178.411,-2.9349,-87.1538
-9.14926,478.23,497.562,-178.39,-2.86641,-87.1684
-9.55068,478.117,498.044,-178.371,-2.76729,-87.1934
-9.95211,478.004,498.526,-178.371,-2.76729,-87.1934
-10.3013,477.675,498.673,-178.354,-2.74256,-87.2041
-10.512,476.934,498.209,-178.308,-2.70028,-87.2223
-10.5309,475.842,497.273,-178.244,-2.68402,-87.2371
-10.5498,474.75,496.338,-178.244,-2.68402,-87.2371
-10.4662,473.523,495.257,-178.195,-2.68562,-87.2344
-10.1743,472.067,493.996,-178.11,-2.68835,-87.2126
-9.79563,470.503,492.693,-178.074,-2.69852,-87.1944
-9.2482,468.753,491.407,-178.013,-2.7159,-87.137
-8.70077,467.002,490.12,-178.013,-2.7159,-87.137
-8.01824,465.074,488.911,-177.989,-2.71288,-87.0564
-7.27285,463.056,487.759,-177.983,-2.71159,-87.0088
-6.42896,460.865,486.77,-177.973,-2.70039,-86.8841
-5.58507,458.675,485.781,-177.973,-2.70039,-86.8841
-4.68031,456.399,484.893,-177.978,-2.69135,-86.8087
-3.70024,453.961,484.197,-177.986,-2.64979,-86.6446
-2.66523,451.344,483.674,-178.001,-2.58193,-86.4605
-1.59925,448.624,483.232,-178.021,-2.53974,-86.3554
-0.533265,445.904,482.79,-178.021,-2.53974,-86.3554
0.572987,442.966,482.463,-178.081,-2.43249,-86.1326
1.69136,439.904,482.161,-178.12,-2.36924,-86.0153
2.74412,436.577,481.872,-178.196,-2.23498,-85.7887
3.79689,433.249,481.583,-178.196,-2.23498,-85.7887
4.73626,429.657,481.263,-178.3,-2.09204,-85.5539
5.59284,425.949,480.936,-178.362,-2.01783,-85.4405
6.23064,422.038,480.642,-178.511,-1.86485,-85.2376
6.74927,418.037,480.381,-178.588,-1.78636,-85.1468
7.26791,414.035,480.119,-178.588,-1.78636,-85.1468
7.39352,409.855,479.911,-178.746,-1.62605,-85.0087
7.08907,405.52,479.801,-178.916,-1.4791,-84.923
6.58921,401.116,479.75,-179.016,-1.40319,-84.8907
5.66623,396.562,479.762,-179.238,-1.27339,-84.8444
4.74325,392.008,479.774,-179.238,-1.27339,-84.8444
3.63243,387.389,479.803,-179.359,-1.21805,-84.838
2.26784,382.753,479.916,-179.61,-1.12342,-84.8441
0.788624,378.184,480.154,-179.847,-1.04677,-84.858
-0.690588,373.616,480.393,-179.847,-1.04677,-84.858
-2.18302,369.116,480.705,-179.952,-1.01409,-84.8682
-3.60305,364.808,481.194,179.851,-0.958214,-84.8856
-4.94347,360.618,481.802,179.767,-0.934393,-84.8931
-6.0841,356.692,482.66,179.64,-0.884658,-84.9058
-7.22472,352.767,483.518,179.64,-0.884658,-84.9058
-8.17435,349.048,484.602,179.546,-0.819173,-84.899
-9.05381,345.419,485.817,179.529,-0.791256,-84.8961
-9.80173,341.956,487.304,179.525,-0.743517,-84.8821
-10.5496,338.493,488.791,179.525,-0.743517,-84.8821
-11.2241,335.125,490.375,179.527,-0.723166,-84.8629
-11.7588,331.976,492.128,179.541,-0.688364,-84.8211
-12.1242,329.088,493.967,179.568,-0.660175,-84.7791
-12.4029,326.347,495.822,179.585,-0.648157,-84.7522
-12.6817,323.607,497.678,179.585,-0.648157,-84.7522
-12.8158,321.155,499.471,179.62,-0.610508,-84.68
-12.8896,318.833,501.196,179.631,-0.594457,-84.645
-12.8488,316.755,502.756,179.65,-0.56701,-84.5681
-12.808,314.678,504.317,179.65,-0.56701,-84.5681
-12.6759,312.82,505.707,179.665,-0.544778,-84.4796
-12.505,311.069,507.004,179.672,-0.5353,-84.4287
-12.2679,309.524,508.112,179.683,-0.545193,-84.3415
-12.0038,308.095,509.132,179.697,-0.553674,-84.2954
-11.7396,306.667,510.151,179.697,-0.553674,-84.2954
-11.3866,305.467,511.001,179.72,-0.568176,-84.2075
-10.9368,304.501,511.711,179.739,-0.597022,-84.111
-10.4497,303.651,512.363,179.747,-0.60932,-84.0699
-9.96257,302.801,513.014,179.747,-0.60932,-84.0699
-9.39722,302.167,513.541,179.752,-0.630349,-83.9825
-8.79195,301.621,514.003,179.75,-0.639314,-83.9363
-8.15059,301.218,514.322,179.72,-0.654645,-83.8482
-7.47658,300.949,514.487,179.679,-0.684162,-83.7597
-6.80257,300.679,514.651,179.679,-0.684162,-83.7597
-6.10361,300.476,514.734,179.648,-0.696746,-83.7088
-5.37816,300.393,514.628,179.56,-0.727264,-83.5955
-4.64275,300.369,514.413,179.505,-0.744538,-83.543
-3.86276,300.474,514.011,179.411,-0.800176,-83.436
-3.08277,300.579,513.609,179.411,-0.800176,-83.436
-2.24807,300.825,513.004,179.335,-0.862342,-83.3323
-1.39019,301.137,512.317,179.302,-0.893108,-83.279
-0.468407,301.589,511.485,179.238,-0.971818,-83.1709
0.453374,302.041,510.653,179.238,-0.971818,-83.1709
1.41115,302.567,509.747,179.206,-1.00964,-83.1158
2.41926,303.236,508.712,179.161,-1.1004,-83.0216
3.45913,304.022,507.536,179.149,-1.20813,-82.9282
4.50003,304.856,506.273,179.144,-1.26732,-82.8884
5.54094,305.69,505.011,179.144,-1.26732,-82.8884
6.54026,306.636,503.578,179.136,-1.39463,-82.8032
7.52055,307.647,502.059,179.132,-1.47116,-82.7669
8.47455,308.815,500.348,179.117,-1.62814,-82.7048
9.42854,309.983,498.637,179.117,-1.62814,-82.7048
10.3293,311.334,496.753,179.097,-1.78949,-82.6545
11.197,312.778,494.79,179.088,-1.88055,-82.633
11.9843,314.415,492.691,179.073,-2.07134,-82.6053
12.7134,316.151,490.538,179.067,-2.17021,-82.5978
13.4425,317.887,488.386,179.067,-2.17021,-82.5978
14.0533,319.83,486.157,179.056,-2.38247,-82.5939
14.5428,321.987,483.883,179.047,-2.5976,-82.6079
14.966,324.252,481.599,179.044,-2.70684,-82.6181
15.2586,326.728,479.33,179.037,-2.94584,-82.6527
15.5512,329.205,477.061,179.037,-2.94584,-82.6527
15.7862,331.797,474.817,179.034,-3.06526,-82.6764
15.9113,334.658,472.662,179.03,-3.31266,-82.7431
15.9616,337.815,470.622,179.026,-3.54725,-82.8313
16.0118,340.972,468.583,179.026,-3.54725,-82.8313
16.0262,344.287,466.616,179.024,-3.66053,-82.8822
15.967,347.91,464.809,179.039,-3.88033,-82.9953
15.8635,351.676,463.096,179.045,-3.97829,-83.0567
15.76,355.441,461.383,179.045,-3.97829,-83.0567
15.5819,359.458,459.878,179.055,-4.14582,-83.1708
15.3407,363.654,458.599,179.073,-4.29051,-83.2975
15.083,367.919,457.444,179.085,-4.35646,-83.3647
14.7683,372.288,456.549,179.131,-4.46923,-83.5139
14.4536,376.657,455.654,179.131,-4.46923,-83.5139
14.1129,381.062,454.895,179.164,-4.52631,-83.5865
13.7042,385.502,454.411,179.237,-4.63291,-83.7539
13.21,389.932,454.2,179.34,-4.73636,-83.9237
12.6785,394.351,454.149,179.406,-4.78472,-84.0183
12.147,398.77,454.097,179.406,-4.78472,-84.0183
11.5017,403.111,454.336,179.545,-4.88453,-84.2062
10.7983,407.413,454.75,179.626,-4.93607,-84.2996
9.97745,411.592,455.493,179.801,-5.02422,-84.4944
9.15662,415.771,456.236,179.801,-5.02422,-84.4944
8.22725,419.802,457.316,-179.989,-5.09562,-84.6944
7.25372,423.744,458.542,-179.883,-5.12606,-84.793
6.22958,427.469,460.007,-179.674,-5.16911,-84.9876
5.195,431.08,461.573,-179.571,-5.18319,-85.0839
4.16041,434.691,463.138,-179.571,-5.18319,-85.0839
3.12697,438.06,464.859,-179.353,-5.19829,-85.3006
2.09308,441.181,466.731,-179.133,-5.16731,-85.5356
1.03765,444.165,468.685,-179.022,-5.12758,-85.649
-0.0968968,446.85,470.783,-178.797,-4.99844,-85.8862
-1.23144,449.535,472.881,-178.797,-4.99844,-85.8862
-2.4285,452.058,475.038,-178.701,-4.9126,-86.0006
-3.71515,454.195,477.24,-178.555,-4.7136,-86.2223
-5.0383,455.918,479.424,-178.427,-4.49302,-86.428
-6.36146,457.64,481.607,-178.427,-4.49302,-86.428
-7.67339,459.16,483.791,-178.368,-4.37672,-86.5242
-8.87286,460.292,485.987,-178.251,-4.12564,-86.7058
-9.98877,461.234,488.187,-178.21,-3.99208,-86.7832
-10.9381,461.832,490.4,-178.122,-3.72858,-86.9156
-11.8875,462.431,492.614,-178.122,-3.72858,-86.9156
-12.7235,462.721,494.807,-178.043,-3.46385,-87.0228
-13.5263,462.874,496.991,-178.004,-3.33347,-87.0775
-14.3084,462.753,499.088,-177.956,-3.05831,-87.1711
-15.0906,462.632,501.186,-177.956,-3.05831,-87.1711
-15.8717,462.378,503.225,-177.944,-2.92348,-87.211
-16.6567,461.865,505.123,-177.925,-2.64972,-87.2963
-17.3977,461.106,506.815,-177.918,-2.36767,-87.3825
-18.1002,460.225,508.403,-177.928,-2.2209,-87.4193
-18.8027,459.344,509.992,-177.928,-2.2209,-87.4193
-19.3571,458.235,511.334,-177.962,-1.93483,-87.4821
-19.8286,457.012,512.504,-177.986,-1.78635,-87.5089
-20.1328,455.561,513.313,-178.027,-1.46314,-87.5547
-20.4369,454.109,514.122,-178.027,-1.46314,-87.5547
-20.5711,452.423,514.556,-178.06,-1.10685,-87.5918
-20.6433,450.608,514.773,-178.074,-0.915161,-87.5986
-20.5653,448.528,514.615,-178.141,-0.54418,-87.5761
-20.4252,446.314,514.263,-178.174,-0.372762,-87.5575
-20.2851,444.101,513.91,-178.174,-0.372762,-87.5575
-20.0557,441.641,513.191,-178.221,-0.0706373,-87.5257
-19.7327,438.96,512.13,-178.251,0.217284,-87.4999
-19.3766,436.18,510.905,-178.264,0.348555,-87.4889
-19.0206,433.399,509.68,-178.264,0.348555,-87.4889
-18.608,430.482,508.21,-178.286,0.60813,-87.4791
-18.1605,427.516,506.63,-178.296,0.754317,-87.4972
-17.649,424.478,504.868,-178.312,1.0916,-87.5542
-17.0419,421.389,502.988,-178.351,1.49349,-87.6256
-16.4349,418.3,501.108,-178.351,1.49349,-87.6256
-15.7797,415.187,499.176,-178.39,1.73114,-87.6651
-14.9541,412.055,497.198,-178.534,2.29413,-87.7325
-14.0215,408.916,495.205,-178.645,2.60471,-87.7522
-12.8675,405.803,493.237,-178.947,3.26632,-87.7509
-11.7135,402.69,491.27,-178.947,3.26632,-87.7509
-10.2841,399.627,489.367,-179.363,3.95612,-87.6553
-8.71773,396.607,487.513,-179.616,4.31651,-87.5748
-6.9297,393.683,485.791,179.786,5.05427,-87.3498
-5.14167,390.758,484.07,179.786,5.05427,-87.3498
-3.2732,387.882,482.403,179.439,5.42184,-87.2008
-1.27457,385.104,480.846,178.617,6.15479,-86.8327
0.794593,382.465,479.442,177.601,6.88528,-86.3374
2.87703,379.904,478.117,177.013,7.24075,-86.0466
4.95946,377.343,476.791,177.013,7.24075,-86.0466
7.04662,374.946,475.612,175.65,7.97011,-85.3839
9.13598,372.636,474.518,174.852,8.3341,-85.0175
11.1966,370.527,473.604,173.052,9.03482,-84.2083
13.2573,368.417,472.69,173.052,9.03482,-84.2083
15.2744,366.537,471.93,171.013,9.6789,-83.3134
17.28,364.762,471.239,169.941,9.98001,-82.83
19.2866,363.126,470.638,167.794,10.512,-81.8388
21.2884,361.567,470.096,166.747,10.7298,-81.35
23.2902,360.009,469.555,166.747,10.7298,-81.35
25.2983,358.61,469.143,164.756,11.0671,-80.3925
27.3498,357.379,468.871,162.852,11.263,-79.454
29.427,356.25,468.68,161.902,11.2977,-78.9876
31.5511,355.33,468.652,159.992,11.2004,-78.0686
33.6752,354.41,468.624,159.992,11.2004,-78.0686
35.8263,353.59,468.657,159.041,11.0704,-77.6327
38.0059,352.946,468.749,157.163,10.6653,-76.8271
40.1339,352.495,468.899,155.403,10.0537,-76.1403
42.262,352.045,469.048,155.403,10.0537,-76.1403
44.352,351.687,469.218,154.569,9.66933,-75.8433
46.3696,351.537,469.433,152.959,8.76816,-75.3264
48.3488,351.478,469.678,152.198,8.23334,-75.0927
50.2454,351.593,469.945,150.767,7.04071,-74.6932
52.142,351.708,470.211,150.767,7.04071,-74.6932
53.9371,351.982,470.474,149.48,5.73267,-74.3867
55.6584,352.325,470.727,148.914,5.06041,-74.265
57.1796,352.791,470.946,147.929,3.71913,-74.0921
58.7007,353.257,471.164,147.929,3.71913,-74.0921
60.1027,353.772,471.353,147.518,3.03222,-74.0539
61.2315,354.38,471.471,146.868,1.6488,-74.0497
62.0481,355.077,471.528,146.452,0.245624,-74.1661
62.712,355.825,471.547,146.324,-0.471938,-74.2645
63.376,356.573,471.566,146.324,-0.471938,-74.2645
63.7746,357.408,471.526,146.209,-1.95997,-74.5722
64.0489,358.295,471.478,146.231,-2.73597,-74.783
64.1075,359.271,471.433,146.487,-4.32394,-75.309
64.166,360.248,471.388,146.487,-4.32394,-75.309
64.0238,361.337,471.368,147.037,-5.99539,-75.9745
63.7815,362.487,471.376,147.417,-6.83585,-76.3511
63.3623,363.718,471.422,148.32,-8.51694,-77.1957
62.8531,364.985,471.488,148.851,-9.35725,-77.6751
62.3438,366.252,471.554,148.851,-9.35725,-77.6751
61.7143,367.579,471.678,150.134,-11.0813,-78.6776
60.9955,368.973,471.896,151.615,-12.8017,-79.6949
60.241,370.401,472.127,152.393,-13.6456,-80.2304
59.4295,371.892,472.363,153.983,-15.3495,-81.3288
58.618,373.382,472.599,153.983,-15.3495,-81.3288
57.7753,374.898,472.858,154.803,-16.2265,-81.8809
56.8846,376.425,473.184,156.509,-18.0557,-82.9646
55.9688,377.93,473.523,158.258,-19.8091,-84.0214
55.053,379.435,473.862,158.258,-19.8091,-84.0214
54.1079,380.937,474.199,159.136,-20.6542,-84.5293
53.116,382.414,474.566,160.891,-22.3081,-85.5102
52.1198,383.859,474.958,161.785,-23.1013,-85.9682
51.1095,385.234,475.362,163.6,-24.6143,-86.8206
50.0992,386.609,475.766,163.6,-24.6143,-86.8206
49.0596,387.937,476.194,165.482,-26.0098,-87.6056
48.0189,389.235,476.629,166.466,-26.6669,-87.962
46.9451,390.515,477.099,168.506,-27.9119,-88.6328
45.8713,391.794,477.568,168.506,-27.9119,-88.6328
44.7691,393.066,478.053,169.556,-28.4957,-88.9675
43.5848,394.306,478.55,171.727,-29.5723,-89.6965
42.3494,395.5,479.067,173.998,-30.5731,-90.4741
41.127,396.676,479.607,175.165,-31.0438,-90.8497
39.9046,397.851,480.147,175.165,-31.0438,-90.8497
38.7295,398.981,480.699,177.587,-31.9359,-91.5874
37.5809,400.078,481.238,178.827,-32.3693,-91.9686
36.4725,401.097,481.75,-178.625,-33.1888,-92.725
35.3641,402.116,482.263,-178.625,-33.1888,-92.725
34.3045,403.059,482.765,-175.98,-33.9812,-93.4744
33.2635,403.97,483.28,-174.609,-34.3811,-93.847
32.2568,404.815,483.864,-171.777,-35.2125,-94.5363
31.2913,405.618,484.477,-170.295,-35.6152,-94.8566
30.3257,406.422,485.091,-170.295,-35.6152,-94.8566
29.412,407.163,485.75,-167.24,-36.312,-95.4567
28.5419,407.816,486.436,-164.194,-36.7639,-95.976
27.7071,408.433,487.142,-162.706,-36.8856,-96.2154
26.8724,409.05,487.847,-162.706,-36.8856,-96.2154
26.1143,409.597,488.566,-159.787,-36.9198,-96.695
25.3871,410.107,489.264,-158.37,-36.8728,-96.9615
24.736,410.533,489.915,-155.548,-36.7061,-97.5216
24.1628,410.852,490.533,-152.818,-36.4414,-98.1301
23.5896,411.171,491.151,-152.818,-36.4414,-98.1301
23.0543,411.44,491.737,-151.514,-36.2713,-98.4601
22.623,411.613,492.284,-149.101,-35.893,-99.1459
22.2446,411.744,492.834,-148.023,-35.6697,-99.4913
21.9399,411.823,493.373,-146.138,-35.1313,-100.186
21.6353,411.902,493.912,-146.138,-35.1313,-100.186
21.3793,411.952,494.449,-144.568,-34.4467,-100.921
21.1477,411.984,494.979,-143.882,-34.0441,-101.305
20.9929,411.996,495.448,-142.699,-33.0945,-102.075
20.8381,412.007,495.916,-142.699,-33.0945,-102.075
20.7101,412.003,496.391,-142.208,-32.548,-102.478
20.6181,411.975,496.89,-141.413,-31.3517,-103.273
20.5543,411.911,497.389,-140.914,-29.903,-104.053
20.4993,411.83,497.89,-140.755,-29.1087,-104.448
20.4444,411.749,498.39,-140.755,-29.1087,-104.448
20.4024,411.641,498.943,-140.596,-27.3679,-105.244
20.3582,411.512,499.517,-140.594,-26.4221,-105.646
20.3247,411.356,500.147,-140.722,-24.2909,-106.489
20.2913,411.2,500.778,-140.722,-24.2909,-106.489
20.3283,410.996,501.456,-141.04,-21.7763,-107.333
20.3687,410.747,502.13,-141.264,-20.3546,-107.724
20.357,410.384,502.712,-141.82,-17.3684,-108.478
20.3255,409.943,503.244,-142.155,-15.8925,-108.827
20.294,409.501,503.776,-142.155,-15.8925,-108.827
20.2526,408.843,504.18,-142.954,-13.1609,-109.413
20.1586,407.962,504.325,-143.857,-10.7873,-109.845
20.0421,407.004,504.301,-144.33,-9.73554,-110.002
19.9172,405.932,504,-145.322,-7.78858,-110.175
19.7923,404.86,503.7,-145.322,-7.78858,-110.175
19.694,403.766,503.309,-145.874,-6.85673,-110.183
19.6451,402.66,502.807,-147.227,-5.01035,-109.995
19.645,401.608,502.276,-148.93,-3.06928,-109.552
19.6449,400.555,501.745,-148.93,-3.06928,-109.552
19.6681,399.55,501.226,-149.895,-2.05135,-109.235
19.7505,398.611,500.749,-152.059,0.159104,-108.369
19.8661,397.676,500.291,-153.296,1.36719,-107.774
20.0298,396.683,499.908,-156.098,3.77053,-106.305
20.1934,395.69,499.525,-156.098,3.77053,-106.305
20.3659,394.63,499.241,-159.188,5.96383,-104.628
20.5577,393.528,498.993,-160.819,6.96044,-103.714
20.7567,392.367,498.808,-164.313,8.79516,-101.716
20.9556,391.206,498.623,-164.313,8.79516,-101.716
21.1545,390.035,498.474,-166.179,9.64364,-100.635
21.3236,388.885,498.373,-170.082,11.2251,-98.3413
21.4688,387.735,498.273,-174.045,12.6599,-95.9636
21.6026,386.595,498.176,-175.981,13.3289,-94.7732
21.7365,385.455,498.079,-175.981,13.3289,-94.7732
21.8355,384.374,497.972,-179.684,14.5683,-92.4857
21.92,383.29,497.846,178.556,15.1275,-91.3911
21.9842,382.207,497.725,175.182,16.1359,-89.3196
22.0485,381.124,497.604,175.182,16.1359,-89.3196
22.1353,380.036,497.517,171.935,17.0471,-87.3231
22.2585,378.95,497.424,170.32,17.4844,-86.3128
22.4326,377.873,497.322,167.125,18.3627,-84.2981
22.6225,376.791,497.199,165.577,18.7944,-83.3022
22.8123,375.708,497.076,165.577,18.7944,-83.3022
23.0366,374.64,496.888,162.645,19.593,-81.4437
23.2837,373.606,496.644,160.11,20.283,-79.8717
23.5369,372.583,496.373,159.021,20.5947,-79.2015
23.7901,371.56,496.102,159.021,20.5947,-79.2015
24.0775,370.539,495.763,157.168,21.1448,-78.0906
24.383,369.525,495.409,156.373,21.3883,-77.6346
24.7273,368.53,495.044,154.953,21.8228,-76.8547
25.1029,367.554,494.668,153.717,22.243,-76.1969
25.4785,366.577,494.291,153.717,22.243,-76.1969
25.8643,365.606,493.916,153.15,22.4487,-75.9032
26.2518,364.657,493.559,152.12,22.8356,-75.3749
26.6266,363.724,493.215,151.65,23.027,-75.1274
26.9613,362.814,492.878,150.777,23.3895,-74.6781
27.296,361.904,492.542,150.777,23.3895,-74.6781
27.5988,361.008,492.216,150.011,23.7425,-74.2539
27.9148,360.113,491.897,149.661,23.8972,-74.0555
28.2421,359.254,491.607,149.056,24.1619,-73.6991
28.5694,358.394,491.317,149.056,24.1619,-73.6991
28.9124,357.559,491.049,148.803,24.2657,-73.5382
29.2687,356.783,490.801,148.369,24.4432,-73.2631
29.6209,356.074,490.569,148.044,24.587,-73.0231
29.9736,355.388,490.337,147.918,24.6393,-72.9298
30.3264,354.703,490.105,147.918,24.6393,-72.9298
30.6617,354.084,489.892,147.756,24.7026,-72.7792
30.9843,353.502,489.688,147.714,24.7164,-72.7193
31.2782,352.993,489.506,147.667,24.7048,-72.6258
31.5722,352.483,489.324,147.667,24.7048,-72.6258
31.8385,352.041,489.164,147.628,24.6359,-72.5582
32.0866,351.636,489.017,147.607,24.5844,-72.5294
32.3016,351.293,488.89,147.555,24.4439,-72.4801
32.5058,350.966,488.766,147.541,24.3575,-72.4591
32.71,350.639,488.642,147.541,24.3575,-72.4591
32.9108,350.335,488.527,147.509,24.1396,-72.4232
33.116,350.036,488.408,147.431,23.8524,-72.3761
33.3304,349.73,488.274,147.358,23.6901,-72.3295
33.5671,349.41,488.118,147.173,23.3344,-72.2237
33.8038,349.09,487.962,147.173,23.3344,-72.2237
34.0495,348.769,487.799,147.098,23.143,-72.1743
34.3078,348.45,487.627,146.962,22.7283,-72.0899
34.5751,348.134,487.465,146.818,22.2727,-72.0044
34.8424,347.818,487.303,146.818,22.2727,-72.0044
35.1048,347.516,487.154,146.743,22.0255,-71.968
35.3496,347.237,487.017,146.589,21.4982,-71.8886
35.5773,346.976,486.89,146.51,21.2294,-71.8547
35.7715,346.76,486.787,146.401,20.6653,-71.8229
35.9656,346.543,486.683,146.401,20.6653,-71.8229
36.1221,346.363,486.598,146.356,20.0887,-71.8575
36.2647,346.201,486.524,146.355,19.7988,-71.8987
36.3883,346.052,486.452,146.378,19.242,-71.9954
36.5119,345.902,486.38,146.378,19.242,-71.9954
36.6264,345.748,486.296,146.41,18.9558,-72.0588
36.7292,345.58,486.193,146.605,18.3278,-72.2717
36.8353,345.402,486.068,146.803,17.998,-72.4426
36.9108,345.22,485.936,147.473,17.2604,-72.9174
36.9862,345.038,485.804,147.473,17.2604,-72.9174
37.0074,344.843,485.653,148.356,16.5189,-73.5153
36.9859,344.626,485.478,148.838,16.154,-73.8587
36.8752,344.363,485.254,149.95,15.3383,-74.6288
36.7644,344.101,485.031,149.95,15.3383,-74.6288
36.5808,343.829,484.798,151.175,14.396,-75.4658
36.3559,343.551,484.546,151.808,13.9104,-75.9022
36.0858,343.29,484.29,153.106,12.9063,-76.7619
35.81,343.045,484.035,153.734,12.4077,-77.1767
35.5341,342.8,483.779,153.734,12.4077,-77.1767
35.252,342.586,483.513,154.975,11.4416,-78.0084
34.963,342.381,483.216,156.367,10.4962,-78.9305
34.6936,342.182,482.937,157.146,10.0046,-79.4075
34.4659,341.988,482.676,158.774,9.00731,-80.3626
34.2382,341.794,482.415,158.774,9.00731,-80.3626
34.0336,341.597,482.151,159.601,8.50258,-80.8583
33.8739,341.391,481.895,161.31,7.44869,-81.8365
33.7656,341.201,481.641,163.079,6.43304,-82.7828
33.6573,341.011,481.387,163.079,6.43304,-82.7828
33.5666,340.826,481.118,163.988,5.93374,-83.2615
33.4824,340.651,480.815,165.9,4.92333,-84.2538
33.3911,340.488,480.501,166.896,4.40399,-84.7474
33.2855,340.359,480.175,168.947,3.34223,-85.6959
33.1799,340.23,479.85,168.947,3.34223,-85.6959
33.0624,340.127,479.508,170.983,2.30311,-86.6181
32.944,340.044,479.154,171.984,1.8028,-87.0643
32.8279,339.99,478.773,173.965,0.816767,-87.9137
32.7117,339.936,478.393,173.965,0.816767,-87.9137
32.6,339.9,477.999,174.946,0.330091,-88.3113
32.506,339.885,477.611,176.877,-0.606527,-89.0606
32.4237,339.894,477.263,178.722,-1.50199,-89.7098
32.3397,339.915,476.932,179.588,-1.91879,-89.9908
32.2557,339.936,476.601,179.588,-1.91879,-89.9908
32.1561,339.976,476.287,-178.792,-2.70082,-90.5064
32.0505,340.019,475.986,-178.022,-3.07874,-90.7438
31.9395,340.063,475.7,-176.522,-3.80328,-91.1848
31.8285,340.108,475.415,-176.522,-3.80328,-91.1848
31.6834,340.148,475.152,-175.068,-4.49275,-91.5843
31.509,340.188,474.899,-174.364,-4.81748,-91.7588
31.2757,340.238,474.666,-173.004,-5.45106,-92.0925
31.0179,340.297,474.449,-172.354,-5.76095,-92.2522
30.7602,340.356,474.233,-172.354,-5.76095,-92.2522
30.4769,340.43,474.05,-171.077,-6.37817,-92.5515
30.1736,340.529,473.897,-169.845,-7.00592,-92.8281
29.8582,340.653,473.764,-169.241,-7.32233,-92.9593
29.5435,340.825,473.666,-168.05,-7.95068,-93.2016
29.2287,340.997,473.568,-168.05,-7.95068,-93.2016
28.9178,341.178,473.472,-167.463,-8.27162,-93.3225
28.6115,341.38,473.368,-166.329,-8.92481,-93.5552
28.3076,341.607,473.225,-165.213,-9.6168,-93.7779
28.0036,341.835,473.083,-165.213,-9.6168,-93.7779
27.6922,342.071,472.918,-164.649,-9.96912,-93.8861
27.3842,342.335,472.72,-163.501,-10.6499,-94.1234
27.0852,342.608,472.517,-162.919,-10.9709,-94.26
26.8039,342.904,472.29,-161.741,-11.5369,-94.5549
26.5226,343.2,472.063,-161.741,-11.5369,-94.5549
26.2344,343.53,471.817,-160.573,-11.9783,-94.8964
25.9301,343.883,471.576,-159.996,-12.1575,-95.0907
25.5902,344.275,471.357,-158.818,-12.4117,-95.5104
25.2503,344.667,471.138,-158.818,-12.4117,-95.5104
24.8907,345.083,470.922,-158.236,-12.4845,-95.7334
24.4774,345.54,470.737,-157.111,-12.4605,-96.219
23.9781,346.019,470.589,-156.011,-12.2107,-96.7753
23.4573,346.494,470.448,-155.476,-12.0247,-97.0698
22.9366,346.969,470.307,-155.476,-12.0247,-97.0698
22.3747,347.421,470.186,-154.466,-11.5238,-97.6777
21.7964,347.854,470.08,-153.995,-11.1994,-97.9989
21.2253,348.252,470,-153.103,-10.4269,-98.6526
20.6542,348.651,469.92,-153.103,-10.4269,-98.6526
20.1332,349.012,469.867,-152.253,-9.4673,-99.3279
19.6327,349.349,469.821,-151.851,-8.92557,-99.6732
19.1525,349.625,469.779,-151.093,-7.69501,-100.368
18.698,349.868,469.738,-150.762,-7.00651,-100.699
18.2436,350.112,469.697,-150.762,-7.00651,-100.699
17.8122,350.276,469.634,-150.266,-5.45477,-101.326
17.4135,350.378,469.56,-150.053,-3.65787,-101.85
17.0454,350.468,469.499,-150.041,-2.68908,-102.078
16.6773,350.558,469.439,-150.041,-2.68908,-102.078
16.3746,350.624,469.427,-150.188,-0.631955,-102.468
16.0992,350.677,469.422,-150.343,0.448241,-102.625
15.8748,350.718,469.447,-150.817,2.78228,-102.842
15.6939,350.744,469.487,-151.528,5.27944,-102.906
15.5131,350.771,469.526,-151.528,5.27944,-102.906
15.3521,350.782,469.568,-151.972,6.5875,-102.875
15.221,350.784,469.644,-153.01,9.24097,-102.754
15.0818,350.77,469.722,-153.567,10.5489,-102.666
14.913,350.733,469.783,-154.71,13.0725,-102.465
14.7442,350.696,469.844,-154.71,13.0725,-102.465
14.5865,350.634,469.909,-155.903,15.4847,-102.198
14.4332,350.553,469.972,-156.539,16.6542,-102.022
14.2547,350.406,470.022,-157.897,18.8188,-101.626
14.0761,350.26,470.072,-157.897,18.8188,-101.626
13.8638,350.084,470.108,-158.578,19.79,-101.417
13.5986,349.874,470.094,-159.95,21.5289,-100.973
13.3123,349.632,470.022,-161.378,23.031,-100.442
13.0341,349.385,469.935,-162.124,23.6979,-100.136
12.7559,349.137,469.847,-162.124,23.6979,-100.136
12.5265,348.905,469.755,-163.731,24.9076,-99.3943
12.3395,348.68,469.668,-164.611,25.4498,-98.9409
12.2298,348.441,469.603,-166.647,26.3771,-97.8253
12.1201,348.202,469.538,-166.647,26.3771,-97.8253
12.0579,347.955,469.507,-169.127,27.102,-96.3907
12.0165,347.714,469.481,-170.556,27.3888,-95.5626
12.0267,347.464,469.484,-173.748,27.8099,-93.6336
12.053,347.223,469.501,-175.481,27.9629,-92.5773
12.0794,346.983,469.517,-175.481,27.9629,-92.5773
12.1014,346.763,469.561,-179.077,28.1895,-90.3623
12.1398,346.516,469.603,177.275,28.2866,-88.0984
12.1949,346.248,469.673,175.451,28.2659,-86.9565
12.288,345.959,469.808,171.809,28.1091,-84.6557
12.3812,345.67,469.943,171.809,28.1091,-84.6557
12.4877,345.374,470.091,169.991,27.9982,-83.4981
12.6282,345.054,470.276,166.431,27.7041,-81.2145
12.8075,344.695,470.491,163.07,27.3552,-79.0497
12.9868,344.336,470.705,163.07,27.3552,-79.0497
13.181,343.967,470.92,161.496,27.1847,-78.0478
13.4225,343.574,471.121,158.657,26.8499,-76.239
13.6973,343.162,471.307,157.407,26.6849,-75.4461
14.0102,342.749,471.434,155.296,26.3686,-74.1073
14.3231,342.337,471.56,155.296,26.3686,-74.1073
14.65,341.918,471.617,153.612,26.0773,-73.04
14.9873,341.49,471.645,152.893,25.9355,-72.594
15.325,341.077,471.641,151.665,25.6671,-71.8233
15.6627,340.664,471.636,151.665,25.6671,-71.8233
15.9976,340.256,471.617,151.133,25.5304,-71.4989
16.3214,339.867,471.577,150.196,25.2273,-70.9533
16.624,339.509,471.528,149.446,24.9044,-70.5546
16.9164,339.162,471.473,149.127,24.727,-70.4021
17.2088,338.816,471.419,149.127,24.727,-70.4021
17.4872,338.492,471.36,148.563,24.3191,-70.1675
17.7603,338.19,471.304,148.314,24.0922,-70.0808
18.0228,337.91,471.244,147.861,23.5908,-69.9846
18.2853,337.631,471.185,147.861,23.5908,-69.9846
18.5344,337.359,471.12,147.478,22.9966,-69.9923
18.7758,337.096,471.056,147.31,22.6589,-70.013
18.9953,336.85,470.991,147.006,21.9168,-70.1179
19.2033,336.617,470.925,146.876,21.5251,-70.1891
19.4113,336.384,470.859,146.876,21.5251,-70.1891
19.5963,336.175,470.797,146.681,20.6727,-70.372
19.7659,335.984,470.748,146.54,19.7166,-70.6409
19.935,335.805,470.707,146.493,19.203,-70.8218
20.0833,335.659,470.676,146.465,18.1338,-71.2355
20.2315,335.512,470.644,146.465,18.1338,-71.2355
20.3639,335.382,470.615,146.497,17.5804,-71.474
20.4732,335.274,470.59,146.666,16.4335,-72.0383
20.5616,335.186,470.574,146.957,15.2146,-72.7006
20.6499,335.098,470.558,146.957,15.2146,-72.7006
20.73,335.02,470.546,147.138,14.6021,-73.0536
20.8132,334.959,470.538,147.553,13.4072,-73.7786
20.8924,334.904,470.532,147.782,12.8225,-74.1497
20.9637,334.863,470.542,148.306,11.6489,-74.9149
21.0351,334.823,470.552,148.306,11.6489,-74.9149
21.0971,334.784,470.57,148.901,10.458,-75.7228
21.1569,334.744,470.589,149.221,9.85323,-76.1245
21.2158,334.718,470.615,149.872,8.59312,-76.9509
21.2747,334.692,470.64,149.872,8.59312,-76.9509
21.3251,334.67,470.661,150.203,7.94981,-77.3738
21.3607,334.646,470.647,150.856,6.63284,-78.2275
21.3892,334.631,470.632,151.539,5.3357,-79.0639
21.4159,334.621,470.626,151.892,4.70313,-79.4735
21.4426,334.61,470.619,151.892,4.70313,-79.4735
21.4637,334.6,470.612,152.6,3.49994,-80.2522
21.48,334.592,470.606,152.955,2.93394,-80.633
21.4913,334.597,470.61,153.675,1.87879,-81.3795
21.5027,334.602,470.613,153.675,1.87879,-81.3795
21.5117,334.615,470.619,154.43,0.870223,-82.1039
21.5198,334.626,470.622,154.827,0.378201,-82.4525
21.5175,334.647,470.628,155.671,-0.584657,-83.1441
21.5108,334.674,470.639,156.106,-1.05719,-83.4786
21.5041,334.701,470.65,156.106,-1.05719,-83.4786
21.4837,334.737,470.661,156.989,-1.94353,-84.1291
21.4458,334.793,470.687,157.901,-2.74696,-84.7496
21.4016,334.863,470.716,158.356,-3.12026,-85.0496
21.3574,334.932,470.746,158.356,-3.12026,-85.0496
21.2908,335.026,470.787,159.264,-3.81081,-85.632
21.2079,335.138,470.839,159.709,-4.13173,-85.9068
21.1149,335.275,470.918,160.547,-4.7156,-86.4028
21.0187,335.434,471.008,161.303,-5.21374,-86.8559
20.9225,335.594,471.099,161.303,-5.21374,-86.8559
20.8257,335.761,471.19,161.67,-5.43936,-87.0623
20.737,335.93,471.277,162.383,-5.83418,-87.4413
20.646,336.093,471.358,162.723,-6.00677,-87.6252
20.555,336.257,471.439,162.723,-6.00677,-87.6252
20.4778,336.404,471.515,163.399,-6.31088,-87.9657
20.432,336.533,471.586,164.04,-6.57431,-88.2667
20.3936,336.649,471.651,164.331,-6.69088,-88.3951
20.3679,336.746,471.707,164.846,-6.89021,-88.6145
20.3423,336.844,471.763,164.846,-6.89021,-88.6145
20.3268,336.933,471.816,165.074,-6.97519,-88.708
20.3346,337.018,471.871,165.491,-7.12051,-88.868
20.3625,337.098,471.928,165.854,-7.23821,-88.9976
20.3972,337.179,471.986,166.008,-7.28839,-89.0528
20.4319,337.259,472.044,166.008,-7.28839,-89.0528
20.463,337.325,472.091,166.29,-7.3742,-89.1302
20.4911,337.386,472.131,166.419,-7.41078,-89.1632
20.5209,337.444,472.172,166.649,-7.47333,-89.2196
20.5507,337.502,472.214,166.649,-7.47333,-89.2196
20.5755,337.551,472.251,166.852,-7.5069,-89.2653
20.5995,337.595,472.285,166.951,-7.52121,-89.2847
20.622,337.632,472.315,167.122,-7.54568,-89.318
20.6424,337.666,472.339,167.195,-7.55611,-89.3322
20.6627,337.7,472.363,167.195,-7.55611,-89.3322
20.6834,337.728,472.384,167.319,-7.57395,-89.3565
20.7193,337.758,472.41,167.437,-7.5794,-89.3762
20.7622,337.791,472.441,167.497,-7.57746,-89.3846
